{
  "parent": "minecraft:recipes/root",
  "criteria": {
    "has_banner_pattern": {
      "conditions": {
        "items": [
          {
            "items": [
				"minecraft:bordure_indented_banner_pattern",
				"minecraft:creeper_banner_pattern",
				"minecraft:field_masoned_banner_pattern",
				"minecraft:flow_banner_pattern",
				"minecraft:flower_banner_pattern",
				"minecraft:globe_banner_pattern",
				"minecraft:guster_banner_pattern",
				"minecraft:mojang_banner_pattern",
				"minecraft:skull_banner_pattern",
				"minecraft:piglin_banner_pattern"
            ]
          }
        ]
      },
      "trigger": "minecraft:inventory_changed"
    }
  },
  "requirements": [
    [
      "has_banner_pattern"
    ]
  ],
  "rewards": {
    "recipes": [
      "cheaper_duplication:pattern_duplication/bordure_indented",
      "cheaper_duplication:pattern_duplication/creeper",
      "cheaper_duplication:pattern_duplication/field_masoned",
      "cheaper_duplication:pattern_duplication/flow",
      "cheaper_duplication:pattern_duplication/flower",
      "cheaper_duplication:pattern_duplication/globe",
      "cheaper_duplication:pattern_duplication/guster",
      "cheaper_duplication:pattern_duplication/mojang",
      "cheaper_duplication:pattern_duplication/skull",
      "cheaper_duplication:pattern_duplication/piglin"
    ]
  }
}
