{
  "parent": "minecraft:recipes/root",
  "criteria": {
    "has_netherite_upgrade_smithing_template": {
      "conditions": {
        "items": [
          {
            "items": [
				"minecraft:netherite_upgrade_smithing_template"
            ]
          }
        ]
      },
      "trigger": "minecraft:inventory_changed"
    }
  },
  "requirements": [
    [
      "has_netherite_upgrade_smithing_template"
    ]
  ],
  "rewards": {
    "recipes": [
      "cheaper_duplication:template_duplication/netherite_upgrade"
    ]
  }
}
