{
  "parent": "minecraft:recipes/root",
  "criteria": {
    "has_sherd": {
      "conditions": {
        "items": [
          {
            "items": [
				"minecraft:angler_pottery_sherd",
				"minecraft:archer_pottery_sherd",
				"minecraft:arms_up_pottery_sherd",
				"minecraft:blade_pottery_sherd",
				"minecraft:brewer_pottery_sherd",
				"minecraft:burn_pottery_sherd",
				"minecraft:danger_pottery_sherd",
				"minecraft:explorer_pottery_sherd",
				"minecraft:flow_pottery_sherd",
				"minecraft:friend_pottery_sherd",
				"minecraft:guster_pottery_sherd",
				"minecraft:heart_pottery_sherd",
				"minecraft:heartbreak_pottery_sherd",
				"minecraft:howl_pottery_sherd",
				"minecraft:miner_pottery_sherd",
				"minecraft:mourner_pottery_sherd",
				"minecraft:plenty_pottery_sherd",
				"minecraft:prize_pottery_sherd",
				"minecraft:scrape_pottery_sherd",
				"minecraft:sheaf_pottery_sherd",
				"minecraft:shelter_pottery_sherd",
				"minecraft:skull_pottery_sherd",
				"minecraft:snort_pottery_sherd"
            ]
          }
        ]
      },
      "trigger": "minecraft:inventory_changed"
    }
  },
  "requirements": [
    [
      "has_sherd"
    ]
  ],
  "rewards": {
    "recipes": [
      "cheaper_duplication:sherd_duplication/angler",
      "cheaper_duplication:sherd_duplication/archer",
      "cheaper_duplication:sherd_duplication/arms_up",
      "cheaper_duplication:sherd_duplication/blade",
      "cheaper_duplication:sherd_duplication/brewer",
      "cheaper_duplication:sherd_duplication/burn",
      "cheaper_duplication:sherd_duplication/danger",
      "cheaper_duplication:sherd_duplication/explorer",
      "cheaper_duplication:sherd_duplication/flow",
      "cheaper_duplication:sherd_duplication/friend",
      "cheaper_duplication:sherd_duplication/guster",
      "cheaper_duplication:sherd_duplication/heart",
      "cheaper_duplication:sherd_duplication/heartbreak",
      "cheaper_duplication:sherd_duplication/howl",
      "cheaper_duplication:sherd_duplication/miner",
      "cheaper_duplication:sherd_duplication/mourner",
      "cheaper_duplication:sherd_duplication/plenty",
      "cheaper_duplication:sherd_duplication/prize",
      "cheaper_duplication:sherd_duplication/scrape",
      "cheaper_duplication:sherd_duplication/sheaf",
      "cheaper_duplication:sherd_duplication/shelter",
      "cheaper_duplication:sherd_duplication/skull",
      "cheaper_duplication:sherd_duplication/snort"
    ]
  }
}
