{
  "parent": "minecraft:recipes/root",
  "criteria": {
    "has_trim_smithing_template": {
      "conditions": {
        "items": [
          {
            "items": [
				"minecraft:bolt_armor_trim_smithing_template",
				"minecraft:coast_armor_trim_smithing_template",
				"minecraft:dune_armor_trim_smithing_template",
				"minecraft:eye_armor_trim_smithing_template",
				"minecraft:flow_armor_trim_smithing_template",
				"minecraft:host_armor_trim_smithing_template",
				"minecraft:raiser_armor_trim_smithing_template",
				"minecraft:rib_armor_trim_smithing_template",
				"minecraft:sentry_armor_trim_smithing_template",
				"minecraft:shaper_armor_trim_smithing_template",
				"minecraft:silence_armor_trim_smithing_template",
				"minecraft:snout_armor_trim_smithing_template",
				"minecraft:spire_armor_trim_smithing_template",
				"minecraft:tide_armor_trim_smithing_template",
				"minecraft:vex_armor_trim_smithing_template",
				"minecraft:ward_armor_trim_smithing_template",
				"minecraft:wayfinder_armor_trim_smithing_template",
				"minecraft:wild_armor_trim_smithing_template"
            ]
          }
        ]
      },
      "trigger": "minecraft:inventory_changed"
    }
  },
  "requirements": [
    [
      "has_trim_smithing_template"
    ]
  ],
  "rewards": {
    "recipes": [
      "cheaper_duplication:template_duplication/bolt_trim",
      "cheaper_duplication:template_duplication/coast_trim",
      "cheaper_duplication:template_duplication/dune_trim",
      "cheaper_duplication:template_duplication/eye_trim",
      "cheaper_duplication:template_duplication/flow_trim",
      "cheaper_duplication:template_duplication/host_trim",
      "cheaper_duplication:template_duplication/raiser_trim",
      "cheaper_duplication:template_duplication/rib_trim",
      "cheaper_duplication:template_duplication/sentry_trim",
      "cheaper_duplication:template_duplication/shaper_trim",
      "cheaper_duplication:template_duplication/silence_trim",
      "cheaper_duplication:template_duplication/snout_trim",
      "cheaper_duplication:template_duplication/spire_trim",
      "cheaper_duplication:template_duplication/tide_trim",
      "cheaper_duplication:template_duplication/vex_trim",
      "cheaper_duplication:template_duplication/ward_trim",
      "cheaper_duplication:template_duplication/wayfinder_trim",
      "cheaper_duplication:template_duplication/wild_trim"
    ]
  }
}
