{
	"variants": {
		"facing=south,lit=false": {
			"model": "minecraft:block/redstone_torch_wall_off"
		},
		"facing=south,lit=true": {
			"model": "minecraft:block/redstone_torch_wall"
		},
		"facing=west,lit=false": {
			"model": "minecraft:block/redstone_torch_wall_off",
			"y": 90
		},
		"facing=west,lit=true": {
			"model": "minecraft:block/redstone_torch_wall",
			"y": 90
		},
		"facing=north,lit=false": {
			"model": "minecraft:block/redstone_torch_wall_off",
			"y": 180
		},
		"facing=north,lit=true": {
			"model": "minecraft:block/redstone_torch_wall",
			"y": 180
		},
		"facing=east,lit=false": {
			"model": "minecraft:block/redstone_torch_wall_off",
			"y": 270
		},
		"facing=east,lit=true": {
			"model": "minecraft:block/redstone_torch_wall",
			"y": 270
		}
	}
}
