{
	"model": {
		"type": "minecraft:composite",
		"models": [
			{
				"type": "minecraft:model",
				"model": "distinguished_variants:item/axolotl_bucket/bucket"
			},
			{
				"type": "minecraft:select",
				"property": "minecraft:component",
				"component": "minecraft:axolotl/variant",
				"fallback": {
					"type": "minecraft:model",
					"model": "distinguished_variants:item/axolotl_bucket/random"
				},
				"cases": [
					{
						"when": "blue",
						"model": {
							"type": "minecraft:model",
							"model": "distinguished_variants:item/axolotl_bucket/blue"
						}
					},
					{
						"when": "cyan",
						"model": {
							"type": "minecraft:model",
							"model": "distinguished_variants:item/axolotl_bucket/cyan"
						}
					},
					{
						"when": "gold",
						"model": {
							"type": "minecraft:model",
							"model": "distinguished_variants:item/axolotl_bucket/gold"
						}
					},
					{
						"when": "lucy",
						"model": {
							"type": "minecraft:model",
							"model": "distinguished_variants:item/axolotl_bucket/lucy"
						}
					},
					{
						"when": "wild",
						"model": {
							"type": "minecraft:model",
							"model": "distinguished_variants:item/axolotl_bucket/wild"
						}
					}
				]
			}
		]
	}
}
