{
  "parent": "minecraft:recipes/root",
  "criteria": {
    "has_banner_pattern": {
      "conditions": {
        "items": [
          {
            "items": [
				"minecraft:bordure_indented_banner_pattern"
            ]
          }
        ]
      },
      "trigger": "minecraft:inventory_changed"
    },
    "has_vines": {
      "conditions": {
        "items": [
          {
            "items": "minecraft:vine"
          }
        ]
      },
      "trigger": "minecraft:inventory_changed"
    }
  },
  "requirements": [
    [
      "has_banner_pattern",
      "has_vines"
    ]
  ],
  "rewards": {
    "recipes": [
      "cheaper_duplication:pattern_creation/bordure_indented"
    ]
  }
}
