{
	"credit": "Made with Blockbench",
	"textures": {
		"particle": "#wool"
	},
	"elements": [
		{
			"from": [-0.025, 0, -0.025],
			"to": [16.025, 1, 16.025],
			"faces": {
				"north": {"uv": [0, 15, 16, 16], "texture": "#wool", "cullface": "north"},
				"east": {"uv": [0, 15, 16, 16], "texture": "#wool", "cullface": "east"},
				"south": {"uv": [0, 15, 16, 16], "texture": "#wool", "cullface": "south"},
				"west": {"uv": [0, 15, 16, 16], "texture": "#wool", "cullface": "west"},
				"up": {"uv": [0, 0, 16, 16], "texture": "#wool"}
			}
		},
		{
			"from": [-0.025, -1, -0.025],
			"to": [16.025, 0, 16.025],
			"faces": {
				"north": {"uv": [0, 0, 16, 1], "texture": "#wool", "cullface": "north"},
				"east": {"uv": [0, 0, 16, 1], "texture": "#wool", "cullface": "east"},
				"south": {"uv": [0, 0, 16, 1], "texture": "#wool", "cullface": "south"},
				"west": {"uv": [0, 0, 16, 1], "texture": "#wool", "cullface": "west"},
				"down": {"uv": [0, 0, 16, 16], "texture": "#wool", "cullface": "down"}
			}
		},
		{
			"from": [-0.025, -2, -0.025],
			"to": [6, -1, 4],
			"faces": {
				"north": {"uv": [10, 2, 16, 3], "texture": "#wool", "cullface": "north"},
				"west": {"uv": [0, 2, 4, 3], "texture": "#wool", "cullface": "west"}
			}
		},
		{
			"from": [12, -2, -0.025],
			"to": [16.025, -1, 6],
			"faces": {
				"north": {"uv": [0, 2, 4, 3], "texture": "#wool", "cullface": "north"},
				"east": {"uv": [10, 2, 16, 3], "texture": "#wool", "cullface": "east"}
			}
		},
		{
			"from": [10, -2, 12],
			"to": [16.025, -1, 16.025],
			"rotation": {"angle": 0, "axis": "y", "origin": [0, 0, 12]},
			"faces": {
				"east": {"uv": [0, 2, 4, 3], "texture": "#wool", "cullface": "east"},
				"south": {"uv": [10, 2, 16, 3], "texture": "#wool", "cullface": "south"}
			}
		},
		{
			"from": [-0.025, -2, 10],
			"to": [4, -1, 16.025],
			"rotation": {"angle": 0, "axis": "y", "origin": [0, 0, 12]},
			"faces": {
				"south": {"uv": [0, 2, 4, 3], "texture": "#wool", "cullface": "south"},
				"west": {"uv": [10, 2, 16, 3], "texture": "#wool", "cullface": "west"}
			}
		}
	],
	"display": {
		"thirdperson_righthand": {
			"rotation": [75, 45, 0],
			"translation": [0, 2.5, 2],
			"scale": [0.375, 0.375, 0.375]
		},
		"thirdperson_lefthand": {
			"rotation": [75, 45, 0],
			"translation": [0, 2.5, 2],
			"scale": [0.375, 0.375, 0.375]
		},
		"firstperson_righthand": {
			"rotation": [0, 45, 0],
			"translation": [0, 4.2, 0],
			"scale": [0.4, 0.4, 0.4]
		},
		"firstperson_lefthand": {
			"rotation": [0, 225, 0],
			"translation": [0, 4.2, 0],
			"scale": [0.4, 0.4, 0.4]
		},
		"ground": {
			"translation": [0, 3, 0],
			"scale": [0.25, 0.25, 0.25]
		},
		"gui": {
			"rotation": [30, 225, 0],
			"translation": [0, 2, 0],
			"scale": [0.625, 0.625, 0.625]
		},
		"head": {
			"translation": [0, 13.6, 0],
			"scale": [0.9, 0.9, 0.9]
		},
		"fixed": {
			"scale": [0.5, 0.5, 0.5]
		}
	}
}
