{
	"credit": "Made with Blockbench",
	"textures": {
		"particle": "block/red_wool",
		"wool": "block/red_wool"
	},
	"elements": [
		{
			"from": [-0.025, 0, -0.025],
			"to": [16.025, 1, 16.025],
			"faces": {
				"north": {"uv": [0, 15, 16, 16], "texture": "#wool", "cullface": "north"},
				"east": {"uv": [0, 15, 16, 16], "texture": "#wool", "cullface": "east"},
				"south": {"uv": [0, 15, 16, 16], "texture": "#wool", "cullface": "south"},
				"west": {"uv": [0, 15, 16, 16], "texture": "#wool", "cullface": "west"},
				"up": {"uv": [0, 0, 16, 16], "texture": "#wool"},
				"down": {"uv": [0, 0, 16, 16], "texture": "#wool"}
			}
		},
		{
			"from": [-0.025, -1, -0.025],
			"to": [16.025, 0, -0.025],
			"rotation": {"angle": 0, "axis": "y", "origin": [8, 0, 8]},
			"faces": {
				"north": {"uv": [0, 0, 16, 1], "texture": "#wool"},
				"south": {"uv": [0, 0, 16, 1], "texture": "#wool"}
			}
		},
		{
			"from": [-0.025, -2, -0.025],
			"to": [6, -1, -0.025],
			"rotation": {"angle": 0, "axis": "y", "origin": [8, 0, 8]},
			"faces": {
				"north": {"uv": [10, 1, 16, 2], "texture": "#wool"},
				"south": {"uv": [0, 1, 6, 2], "texture": "#wool"}
			}
		},
		{
			"from": [12.025, -2, -0.025],
			"to": [16.05, -1, -0.025],
			"rotation": {"angle": 0, "axis": "y", "origin": [8, 0, 8]},
			"faces": {
				"north": {"uv": [0, 1, 4, 2], "texture": "#wool"},
				"south": {"uv": [12, 1, 16, 2], "texture": "#wool"}
			}
		},
		{
			"from": [16.025, -1, -0.025],
			"to": [16.025, 0, 16.025],
			"rotation": {"angle": 0, "axis": "y", "origin": [8, 0, 8]},
			"faces": {
				"east": {"uv": [0, 0, 16, 1], "texture": "#wool"},
				"west": {"uv": [0, 0, 16, 1], "texture": "#wool"}
			}
		},
		{
			"from": [16.025, -2, -0.025],
			"to": [16.025, -1, 6],
			"rotation": {"angle": 0, "axis": "y", "origin": [8, 0, 8]},
			"faces": {
				"east": {"uv": [10, 1, 16, 2], "texture": "#wool"},
				"west": {"uv": [0, 1, 6, 2], "texture": "#wool"}
			}
		},
		{
			"from": [16.025, -2, 12.025],
			"to": [16.025, -1, 16.05],
			"rotation": {"angle": 0, "axis": "y", "origin": [8, 0, 8]},
			"faces": {
				"east": {"uv": [0, 1, 4, 2], "texture": "#wool"},
				"west": {"uv": [12, 1, 16, 2], "texture": "#wool"}
			}
		},
		{
			"from": [-0.025, -1, 16.025],
			"to": [16.025, 0, 16.025],
			"rotation": {"angle": 0, "axis": "y", "origin": [8, 0, 8]},
			"faces": {
				"north": {"uv": [0, 0, 16, 1], "texture": "#wool"},
				"south": {"uv": [0, 0, 16, 1], "texture": "#wool"}
			}
		},
		{
			"from": [10, -2, 16.025],
			"to": [16.025, -1, 16.025],
			"rotation": {"angle": 0, "axis": "y", "origin": [8, 0, 8]},
			"faces": {
				"north": {"uv": [0, 1, 6, 2], "texture": "#wool"},
				"south": {"uv": [10, 1, 16, 2], "texture": "#wool"}
			}
		},
		{
			"from": [-0.05, -2, 16.025],
			"to": [3.975, -1, 16.025],
			"rotation": {"angle": 0, "axis": "y", "origin": [8, 0, 8]},
			"faces": {
				"north": {"uv": [12, 1, 16, 2], "texture": "#wool"},
				"south": {"uv": [0, 1, 4, 2], "texture": "#wool"}
			}
		},
		{
			"from": [-0.025, -1, -0.025],
			"to": [-0.025, 0, 16.025],
			"rotation": {"angle": 0, "axis": "y", "origin": [8, 0, 8]},
			"faces": {
				"east": {"uv": [0, 0, 16, 1], "texture": "#wool"},
				"west": {"uv": [0, 0, 16, 1], "texture": "#wool"}
			}
		},
		{
			"from": [-0.025, -2, 10],
			"to": [-0.025, -1, 16.025],
			"rotation": {"angle": 0, "axis": "y", "origin": [8, 0, 8]},
			"faces": {
				"east": {"uv": [0, 1, 6, 2], "texture": "#wool"},
				"west": {"uv": [10, 1, 16, 2], "texture": "#wool"}
			}
		},
		{
			"from": [-0.025, -2, -0.05],
			"to": [-0.025, -1, 3.975],
			"rotation": {"angle": 0, "axis": "y", "origin": [8, 0, 8]},
			"faces": {
				"east": {"uv": [12, 1, 16, 2], "texture": "#wool"},
				"west": {"uv": [0, 1, 4, 2], "texture": "#wool"}
			}
		}
	],
	"display": {
		"thirdperson_righthand": {
			"rotation": [75, 45, 0],
			"translation": [0, 2.5, 2],
			"scale": [0.375, 0.375, 0.375]
		},
		"thirdperson_lefthand": {
			"rotation": [75, 45, 0],
			"translation": [0, 2.5, 2],
			"scale": [0.375, 0.375, 0.375]
		},
		"firstperson_righthand": {
			"rotation": [0, 45, 0],
			"translation": [0, 4.2, 0],
			"scale": [0.4, 0.4, 0.4]
		},
		"firstperson_lefthand": {
			"rotation": [0, 225, 0],
			"translation": [0, 4.2, 0],
			"scale": [0.4, 0.4, 0.4]
		},
		"ground": {
			"translation": [0, 3, 0],
			"scale": [0.25, 0.25, 0.25]
		},
		"gui": {
			"rotation": [30, 45, 0],
			"translation": [0, 5, 0],
			"scale": [0.625, 0.625, 0.625]
		},
		"head": {
			"translation": [0, 13.6, 0],
			"scale": [0.9, 0.9, 0.9]
		},
		"fixed": {
			"scale": [0.5, 0.5, 0.5]
		}
	},
	"groups": [
		0,
		{
			"name": "north",
			"origin": [8, 8, 8],
			"color": 0,
			"children": [1, 2, 3]
		},
		{
			"name": "east",
			"origin": [8, 8, 8],
			"color": 0,
			"children": [4, 5, 6]
		},
		{
			"name": "south",
			"origin": [8, 8, 8],
			"color": 0,
			"children": [7, 8, 9]
		},
		{
			"name": "west",
			"origin": [8, 8, 8],
			"color": 0,
			"children": [10, 11, 12]
		}
	]
}