{
	"credit": "Made with Blockbench",
	"textures": {
		"particle": "block/moss_block",
		"wool": "block/moss_block"
	},
	"elements": [
		{
			"from": [-0.025, 0, -0.025],
			"to": [16.025, 1, 16.025],
			"faces": {
				"north": {"uv": [0, 15, 16, 16], "texture": "#wool", "cullface": "north"},
				"east": {"uv": [0, 15, 16, 16], "texture": "#wool", "cullface": "east"},
				"south": {"uv": [0, 15, 16, 16], "texture": "#wool", "cullface": "south"},
				"west": {"uv": [0, 15, 16, 16], "texture": "#wool", "cullface": "west"},
				"up": {"uv": [0, 0, 16, 16], "texture": "#wool"},
				"down": {"uv": [0, 0, 16, 16], "texture": "#wool"}
			}
		},
		{
			"from": [-0.025, -1, -0.025],
			"to": [16.025, 0, -0.025],
			"rotation": {"angle": 0, "axis": "y", "origin": [8, 0, 8]},
			"faces": {
				"north": {"uv": [0, 0, 16, 1], "texture": "#wool"},
				"south": {"uv": [0, 0, 16, 1], "texture": "#wool"}
			}
		},
		{
			"from": [-0.025, -2, -0.025],
			"to": [16.025, -1, -0.025],
			"rotation": {"angle": 0, "axis": "y", "origin": [8, 0, 8]},
			"faces": {
				"north": {"uv": [0, 1, 16, 2], "texture": "#wool"},
				"south": {"uv": [0, 1, 16, 2], "texture": "#wool"}
			}
		},
		{
			"from": [-0.025, -3, -0.025],
			"to": [16.025, -2, -0.025],
			"rotation": {"angle": 0, "axis": "y", "origin": [8, 0, 8]},
			"faces": {
				"north": {"uv": [0, 2, 16, 3], "texture": "#wool"},
				"south": {"uv": [0, 2, 16, 3], "texture": "#wool"}
			}
		},
		{
			"from": [-0.025, -4, -0.025],
			"to": [16.025, -3, -0.025],
			"rotation": {"angle": 0, "axis": "y", "origin": [8, 0, 8]},
			"faces": {
				"north": {"uv": [0, 3, 16, 4], "texture": "#wool"},
				"south": {"uv": [0, 3, 16, 4], "texture": "#wool"}
			}
		},
		{
			"from": [15, -5, -0.025],
			"to": [16.025, -4, -0.025],
			"rotation": {"angle": 0, "axis": "y", "origin": [8, 0, 8]},
			"faces": {
				"north": {"uv": [0, 4, 1, 5], "texture": "#wool"},
				"south": {"uv": [15, 4, 16, 5], "texture": "#wool"}
			}
		},
		{
			"from": [10, -5, -0.025],
			"to": [14, -4, -0.025],
			"rotation": {"angle": 0, "axis": "y", "origin": [8, 0, 8]},
			"faces": {
				"north": {"uv": [2, 4, 6, 5], "texture": "#wool"},
				"south": {"uv": [10, 4, 14, 5], "texture": "#wool"}
			}
		},
		{
			"from": [6, -5, -0.025],
			"to": [9, -4, -0.025],
			"rotation": {"angle": 0, "axis": "y", "origin": [8, 0, 8]},
			"faces": {
				"north": {"uv": [7, 4, 10, 5], "texture": "#wool"},
				"south": {"uv": [6, 4, 9, 5], "texture": "#wool"}
			}
		},
		{
			"from": [1, -5, -0.025],
			"to": [4, -4, -0.025],
			"rotation": {"angle": 0, "axis": "y", "origin": [8, 0, 8]},
			"faces": {
				"north": {"uv": [12, 4, 15, 5], "texture": "#wool"},
				"south": {"uv": [1, 4, 4, 5], "texture": "#wool"}
			}
		},
		{
			"from": [15, -6, -0.025],
			"to": [16.025, -5, -0.025],
			"rotation": {"angle": 0, "axis": "y", "origin": [8, 0, 8]},
			"faces": {
				"north": {"uv": [0, 5, 1, 6], "texture": "#wool"},
				"south": {"uv": [15, 5, 16, 6], "texture": "#wool"}
			}
		},
		{
			"from": [10, -6, -0.025],
			"to": [14, -5, -0.025],
			"rotation": {"angle": 0, "axis": "y", "origin": [8, 0, 8]},
			"faces": {
				"north": {"uv": [2, 5, 6, 6], "texture": "#wool"},
				"south": {"uv": [10, 5, 14, 6], "texture": "#wool"}
			}
		},
		{
			"from": [6, -6, -0.025],
			"to": [9, -5, -0.025],
			"rotation": {"angle": 0, "axis": "y", "origin": [8, 0, 8]},
			"faces": {
				"north": {"uv": [7, 5, 10, 6], "texture": "#wool"},
				"south": {"uv": [6, 5, 9, 6], "texture": "#wool"}
			}
		},
		{
			"from": [1, -6, -0.025],
			"to": [3, -5, -0.025],
			"rotation": {"angle": 0, "axis": "y", "origin": [8, 0, 8]},
			"faces": {
				"north": {"uv": [13, 5, 15, 6], "texture": "#wool"},
				"south": {"uv": [1, 5, 3, 6], "texture": "#wool"}
			}
		},
		{
			"from": [11, -7, -0.025],
			"to": [13, -6, -0.025],
			"rotation": {"angle": 0, "axis": "y", "origin": [8, 0, 8]},
			"faces": {
				"north": {"uv": [3, 6, 5, 7], "texture": "#wool"},
				"south": {"uv": [11, 6, 13, 7], "texture": "#wool"}
			}
		},
		{
			"from": [6, -7, -0.025],
			"to": [8, -6, -0.025],
			"rotation": {"angle": 0, "axis": "y", "origin": [8, 0, 8]},
			"faces": {
				"north": {"uv": [8, 6, 10, 7], "texture": "#wool"},
				"south": {"uv": [6, 6, 8, 7], "texture": "#wool"}
			}
		},
		{
			"from": [2, -7, -0.025],
			"to": [3, -6, -0.025],
			"rotation": {"angle": 0, "axis": "y", "origin": [8, 0, 8]},
			"faces": {
				"north": {"uv": [13, 6, 14, 7], "texture": "#wool"},
				"south": {"uv": [2, 6, 3, 7], "texture": "#wool"}
			}
		},
		{
			"from": [11, -8, -0.025],
			"to": [13, -7, -0.025],
			"rotation": {"angle": 0, "axis": "y", "origin": [8, 0, 8]},
			"faces": {
				"north": {"uv": [3, 7, 5, 8], "texture": "#wool"},
				"south": {"uv": [11, 7, 13, 8], "texture": "#wool"}
			}
		},
		{
			"from": [7, -8, -0.025],
			"to": [8, -7, -0.025],
			"rotation": {"angle": 0, "axis": "y", "origin": [8, 0, 8]},
			"faces": {
				"north": {"uv": [8, 7, 9, 8], "texture": "#wool"},
				"south": {"uv": [7, 7, 8, 8], "texture": "#wool"}
			}
		},
		{
			"from": [2, -8, -0.025],
			"to": [3, -7, -0.025],
			"rotation": {"angle": 0, "axis": "y", "origin": [8, 0, 8]},
			"faces": {
				"north": {"uv": [13, 7, 14, 8], "texture": "#wool"},
				"south": {"uv": [2, 7, 3, 8], "texture": "#wool"}
			}
		},
		{
			"from": [12, -9, -0.025],
			"to": [13, -8, -0.025],
			"rotation": {"angle": 0, "axis": "y", "origin": [8, 0, 8]},
			"faces": {
				"north": {"uv": [3, 8, 4, 9], "texture": "#wool"},
				"south": {"uv": [12, 8, 13, 9], "texture": "#wool"}
			}
		},
		{
			"from": [2, -9, -0.025],
			"to": [3, -8, -0.025],
			"rotation": {"angle": 0, "axis": "y", "origin": [8, 0, 8]},
			"faces": {
				"north": {"uv": [13, 8, 14, 9], "texture": "#wool"},
				"south": {"uv": [2, 8, 3, 9], "texture": "#wool"}
			}
		},
		{
			"from": [16.025, -1, -0.025],
			"to": [16.025, 0, 16.025],
			"rotation": {"angle": 0, "axis": "y", "origin": [8, 0, 8]},
			"faces": {
				"east": {"uv": [0, 0, 16, 1], "texture": "#wool"},
				"west": {"uv": [0, 0, 16, 1], "texture": "#wool"}
			}
		},
		{
			"from": [16.025, -2, -0.025],
			"to": [16.025, -1, 16.025],
			"rotation": {"angle": 0, "axis": "y", "origin": [8, 0, 8]},
			"faces": {
				"east": {"uv": [0, 1, 16, 2], "texture": "#wool"},
				"west": {"uv": [0, 1, 16, 2], "texture": "#wool"}
			}
		},
		{
			"from": [16.025, -3, -0.025],
			"to": [16.025, -2, 16.025],
			"rotation": {"angle": 0, "axis": "y", "origin": [8, 0, 8]},
			"faces": {
				"east": {"uv": [0, 2, 16, 3], "texture": "#wool"},
				"west": {"uv": [0, 2, 16, 3], "texture": "#wool"}
			}
		},
		{
			"from": [16.025, -4, -0.025],
			"to": [16.025, -3, 16.025],
			"rotation": {"angle": 0, "axis": "y", "origin": [8, 0, 8]},
			"faces": {
				"east": {"uv": [0, 3, 16, 4], "texture": "#wool"},
				"west": {"uv": [0, 3, 16, 4], "texture": "#wool"}
			}
		},
		{
			"from": [16.025, -5, 15],
			"to": [16.025, -4, 16.025],
			"rotation": {"angle": 0, "axis": "y", "origin": [8, 0, 8]},
			"faces": {
				"east": {"uv": [0, 4, 1, 5], "texture": "#wool"},
				"west": {"uv": [15, 4, 16, 5], "texture": "#wool"}
			}
		},
		{
			"from": [16.025, -5, 10],
			"to": [16.025, -4, 14],
			"rotation": {"angle": 0, "axis": "y", "origin": [8, 0, 8]},
			"faces": {
				"east": {"uv": [2, 4, 6, 5], "texture": "#wool"},
				"west": {"uv": [10, 4, 14, 5], "texture": "#wool"}
			}
		},
		{
			"from": [16.025, -5, 6],
			"to": [16.025, -4, 9],
			"rotation": {"angle": 0, "axis": "y", "origin": [8, 0, 8]},
			"faces": {
				"east": {"uv": [7, 4, 10, 5], "texture": "#wool"},
				"west": {"uv": [6, 4, 9, 5], "texture": "#wool"}
			}
		},
		{
			"from": [16.025, -5, 1],
			"to": [16.025, -4, 4],
			"rotation": {"angle": 0, "axis": "y", "origin": [8, 0, 8]},
			"faces": {
				"east": {"uv": [12, 4, 15, 5], "texture": "#wool"},
				"west": {"uv": [1, 4, 4, 5], "texture": "#wool"}
			}
		},
		{
			"from": [16.025, -6, 15],
			"to": [16.025, -5, 16.025],
			"rotation": {"angle": 0, "axis": "y", "origin": [8, 0, 8]},
			"faces": {
				"east": {"uv": [0, 5, 1, 6], "texture": "#wool"},
				"west": {"uv": [15, 5, 16, 6], "texture": "#wool"}
			}
		},
		{
			"from": [16.025, -6, 10],
			"to": [16.025, -5, 14],
			"rotation": {"angle": 0, "axis": "y", "origin": [8, 0, 8]},
			"faces": {
				"east": {"uv": [2, 5, 6, 6], "texture": "#wool"},
				"west": {"uv": [10, 5, 14, 6], "texture": "#wool"}
			}
		},
		{
			"from": [16.025, -6, 6],
			"to": [16.025, -5, 9],
			"rotation": {"angle": 0, "axis": "y", "origin": [8, 0, 8]},
			"faces": {
				"east": {"uv": [7, 5, 10, 6], "texture": "#wool"},
				"west": {"uv": [6, 5, 9, 6], "texture": "#wool"}
			}
		},
		{
			"from": [16.025, -6, 1],
			"to": [16.025, -5, 3],
			"rotation": {"angle": 0, "axis": "y", "origin": [8, 0, 8]},
			"faces": {
				"east": {"uv": [13, 5, 15, 6], "texture": "#wool"},
				"west": {"uv": [1, 5, 3, 6], "texture": "#wool"}
			}
		},
		{
			"from": [16.025, -7, 11],
			"to": [16.025, -6, 13],
			"rotation": {"angle": 0, "axis": "y", "origin": [8, 0, 8]},
			"faces": {
				"east": {"uv": [3, 6, 5, 7], "texture": "#wool"},
				"west": {"uv": [11, 6, 13, 7], "texture": "#wool"}
			}
		},
		{
			"from": [16.025, -7, 6],
			"to": [16.025, -6, 8],
			"rotation": {"angle": 0, "axis": "y", "origin": [8, 0, 8]},
			"faces": {
				"east": {"uv": [8, 6, 10, 7], "texture": "#wool"},
				"west": {"uv": [6, 6, 8, 7], "texture": "#wool"}
			}
		},
		{
			"from": [16.025, -7, 2],
			"to": [16.025, -6, 3],
			"rotation": {"angle": 0, "axis": "y", "origin": [8, 0, 8]},
			"faces": {
				"east": {"uv": [13, 6, 14, 7], "texture": "#wool"},
				"west": {"uv": [2, 6, 3, 7], "texture": "#wool"}
			}
		},
		{
			"from": [16.025, -8, 11],
			"to": [16.025, -7, 13],
			"rotation": {"angle": 0, "axis": "y", "origin": [8, 0, 8]},
			"faces": {
				"east": {"uv": [3, 7, 5, 8], "texture": "#wool"},
				"west": {"uv": [11, 7, 13, 8], "texture": "#wool"}
			}
		},
		{
			"from": [16.025, -8, 7],
			"to": [16.025, -7, 8],
			"rotation": {"angle": 0, "axis": "y", "origin": [8, 0, 8]},
			"faces": {
				"east": {"uv": [8, 7, 9, 8], "texture": "#wool"},
				"west": {"uv": [7, 7, 8, 8], "texture": "#wool"}
			}
		},
		{
			"from": [16.025, -8, 2],
			"to": [16.025, -7, 3],
			"rotation": {"angle": 0, "axis": "y", "origin": [8, 0, 8]},
			"faces": {
				"east": {"uv": [13, 7, 14, 8], "texture": "#wool"},
				"west": {"uv": [2, 7, 3, 8], "texture": "#wool"}
			}
		},
		{
			"from": [16.025, -9, 12],
			"to": [16.025, -8, 13],
			"rotation": {"angle": 0, "axis": "y", "origin": [8, 0, 8]},
			"faces": {
				"east": {"uv": [3, 8, 4, 9], "texture": "#wool"},
				"west": {"uv": [12, 8, 13, 9], "texture": "#wool"}
			}
		},
		{
			"from": [16.025, -9, 2],
			"to": [16.025, -8, 3],
			"rotation": {"angle": 0, "axis": "y", "origin": [8, 0, 8]},
			"faces": {
				"east": {"uv": [13, 8, 14, 9], "texture": "#wool"},
				"west": {"uv": [2, 8, 3, 9], "texture": "#wool"}
			}
		},
		{
			"from": [-0.025, -1, 16.025],
			"to": [16.025, 0, 16.025],
			"rotation": {"angle": 0, "axis": "y", "origin": [8, 0, 8]},
			"faces": {
				"north": {"uv": [0, 0, 16, 1], "texture": "#wool"},
				"south": {"uv": [0, 0, 16, 1], "texture": "#wool"}
			}
		},
		{
			"from": [-0.025, -2, 16.025],
			"to": [16.025, -1, 16.025],
			"rotation": {"angle": 0, "axis": "y", "origin": [8, 0, 8]},
			"faces": {
				"north": {"uv": [0, 1, 16, 2], "texture": "#wool"},
				"south": {"uv": [0, 1, 16, 2], "texture": "#wool"}
			}
		},
		{
			"from": [-0.025, -3, 16.025],
			"to": [16.025, -2, 16.025],
			"rotation": {"angle": 0, "axis": "y", "origin": [8, 0, 8]},
			"faces": {
				"north": {"uv": [0, 2, 16, 3], "texture": "#wool"},
				"south": {"uv": [0, 2, 16, 3], "texture": "#wool"}
			}
		},
		{
			"from": [-0.025, -4, 16.025],
			"to": [16.025, -3, 16.025],
			"rotation": {"angle": 0, "axis": "y", "origin": [8, 0, 8]},
			"faces": {
				"north": {"uv": [0, 3, 16, 4], "texture": "#wool"},
				"south": {"uv": [0, 3, 16, 4], "texture": "#wool"}
			}
		},
		{
			"from": [-0.025, -5, 16.025],
			"to": [1, -4, 16.025],
			"rotation": {"angle": 0, "axis": "y", "origin": [8, 0, 8]},
			"faces": {
				"north": {"uv": [15, 4, 16, 5], "texture": "#wool"},
				"south": {"uv": [0, 4, 1, 5], "texture": "#wool"}
			}
		},
		{
			"from": [2, -5, 16.025],
			"to": [6, -4, 16.025],
			"rotation": {"angle": 0, "axis": "y", "origin": [8, 0, 8]},
			"faces": {
				"north": {"uv": [10, 4, 14, 5], "texture": "#wool"},
				"south": {"uv": [2, 4, 6, 5], "texture": "#wool"}
			}
		},
		{
			"from": [7, -5, 16.025],
			"to": [10, -4, 16.025],
			"rotation": {"angle": 0, "axis": "y", "origin": [8, 0, 8]},
			"faces": {
				"north": {"uv": [6, 4, 9, 5], "texture": "#wool"},
				"south": {"uv": [7, 4, 10, 5], "texture": "#wool"}
			}
		},
		{
			"from": [12, -5, 16.025],
			"to": [15, -4, 16.025],
			"rotation": {"angle": 0, "axis": "y", "origin": [8, 0, 8]},
			"faces": {
				"north": {"uv": [1, 4, 4, 5], "texture": "#wool"},
				"south": {"uv": [12, 4, 15, 5], "texture": "#wool"}
			}
		},
		{
			"from": [-0.025, -6, 16.025],
			"to": [1, -5, 16.025],
			"rotation": {"angle": 0, "axis": "y", "origin": [8, 0, 8]},
			"faces": {
				"north": {"uv": [15, 5, 16, 6], "texture": "#wool"},
				"south": {"uv": [0, 5, 1, 6], "texture": "#wool"}
			}
		},
		{
			"from": [2, -6, 16.025],
			"to": [6, -5, 16.025],
			"rotation": {"angle": 0, "axis": "y", "origin": [8, 0, 8]},
			"faces": {
				"north": {"uv": [10, 5, 14, 6], "texture": "#wool"},
				"south": {"uv": [2, 5, 6, 6], "texture": "#wool"}
			}
		},
		{
			"from": [7, -6, 16.025],
			"to": [10, -5, 16.025],
			"rotation": {"angle": 0, "axis": "y", "origin": [8, 0, 8]},
			"faces": {
				"north": {"uv": [6, 5, 9, 6], "texture": "#wool"},
				"south": {"uv": [7, 5, 10, 6], "texture": "#wool"}
			}
		},
		{
			"from": [13, -6, 16.025],
			"to": [15, -5, 16.025],
			"rotation": {"angle": 0, "axis": "y", "origin": [8, 0, 8]},
			"faces": {
				"north": {"uv": [1, 5, 3, 6], "texture": "#wool"},
				"south": {"uv": [13, 5, 15, 6], "texture": "#wool"}
			}
		},
		{
			"from": [3, -7, 16.025],
			"to": [5, -6, 16.025],
			"rotation": {"angle": 0, "axis": "y", "origin": [8, 0, 8]},
			"faces": {
				"north": {"uv": [11, 6, 13, 7], "texture": "#wool"},
				"south": {"uv": [3, 6, 5, 7], "texture": "#wool"}
			}
		},
		{
			"from": [8, -7, 16.025],
			"to": [10, -6, 16.025],
			"rotation": {"angle": 0, "axis": "y", "origin": [8, 0, 8]},
			"faces": {
				"north": {"uv": [6, 6, 8, 7], "texture": "#wool"},
				"south": {"uv": [8, 6, 10, 7], "texture": "#wool"}
			}
		},
		{
			"from": [13, -7, 16.025],
			"to": [14, -6, 16.025],
			"rotation": {"angle": 0, "axis": "y", "origin": [8, 0, 8]},
			"faces": {
				"north": {"uv": [2, 6, 3, 7], "texture": "#wool"},
				"south": {"uv": [13, 6, 14, 7], "texture": "#wool"}
			}
		},
		{
			"from": [3, -8, 16.025],
			"to": [5, -7, 16.025],
			"rotation": {"angle": 0, "axis": "y", "origin": [8, 0, 8]},
			"faces": {
				"north": {"uv": [11, 7, 13, 8], "texture": "#wool"},
				"south": {"uv": [3, 7, 5, 8], "texture": "#wool"}
			}
		},
		{
			"from": [8, -8, 16.025],
			"to": [9, -7, 16.025],
			"rotation": {"angle": 0, "axis": "y", "origin": [8, 0, 8]},
			"faces": {
				"north": {"uv": [7, 7, 8, 8], "texture": "#wool"},
				"south": {"uv": [8, 7, 9, 8], "texture": "#wool"}
			}
		},
		{
			"from": [13, -8, 16.025],
			"to": [14, -7, 16.025],
			"rotation": {"angle": 0, "axis": "y", "origin": [8, 0, 8]},
			"faces": {
				"north": {"uv": [2, 7, 3, 8], "texture": "#wool"},
				"south": {"uv": [13, 7, 14, 8], "texture": "#wool"}
			}
		},
		{
			"from": [3, -9, 16.025],
			"to": [4, -8, 16.025],
			"rotation": {"angle": 0, "axis": "y", "origin": [8, 0, 8]},
			"faces": {
				"north": {"uv": [12, 8, 13, 9], "texture": "#wool"},
				"south": {"uv": [3, 8, 4, 9], "texture": "#wool"}
			}
		},
		{
			"from": [13, -9, 16.025],
			"to": [14, -8, 16.025],
			"rotation": {"angle": 0, "axis": "y", "origin": [8, 0, 8]},
			"faces": {
				"north": {"uv": [2, 8, 3, 9], "texture": "#wool"},
				"south": {"uv": [13, 8, 14, 9], "texture": "#wool"}
			}
		},
		{
			"from": [-0.025, -1, -0.025],
			"to": [-0.025, 0, 16.025],
			"rotation": {"angle": 0, "axis": "y", "origin": [8, 0, 8]},
			"faces": {
				"east": {"uv": [0, 0, 16, 1], "texture": "#wool"},
				"west": {"uv": [0, 0, 16, 1], "texture": "#wool"}
			}
		},
		{
			"from": [-0.025, -2, -0.025],
			"to": [-0.025, -1, 16.025],
			"rotation": {"angle": 0, "axis": "y", "origin": [8, 0, 8]},
			"faces": {
				"east": {"uv": [0, 1, 16, 2], "texture": "#wool"},
				"west": {"uv": [0, 1, 16, 2], "texture": "#wool"}
			}
		},
		{
			"from": [-0.025, -3, -0.025],
			"to": [-0.025, -2, 16.025],
			"rotation": {"angle": 0, "axis": "y", "origin": [8, 0, 8]},
			"faces": {
				"east": {"uv": [0, 2, 16, 3], "texture": "#wool"},
				"west": {"uv": [0, 2, 16, 3], "texture": "#wool"}
			}
		},
		{
			"from": [-0.025, -4, -0.025],
			"to": [-0.025, -3, 16.025],
			"rotation": {"angle": 0, "axis": "y", "origin": [8, 0, 8]},
			"faces": {
				"east": {"uv": [0, 3, 16, 4], "texture": "#wool"},
				"west": {"uv": [0, 3, 16, 4], "texture": "#wool"}
			}
		},
		{
			"from": [-0.025, -5, -0.025],
			"to": [-0.025, -4, 1],
			"rotation": {"angle": 0, "axis": "y", "origin": [8, 0, 8]},
			"faces": {
				"east": {"uv": [15, 4, 16, 5], "texture": "#wool"},
				"west": {"uv": [0, 4, 1, 5], "texture": "#wool"}
			}
		},
		{
			"from": [-0.025, -5, 2],
			"to": [-0.025, -4, 6],
			"rotation": {"angle": 0, "axis": "y", "origin": [8, 0, 8]},
			"faces": {
				"east": {"uv": [10, 4, 14, 5], "texture": "#wool"},
				"west": {"uv": [2, 4, 6, 5], "texture": "#wool"}
			}
		},
		{
			"from": [-0.025, -5, 7],
			"to": [-0.025, -4, 10],
			"rotation": {"angle": 0, "axis": "y", "origin": [8, 0, 8]},
			"faces": {
				"east": {"uv": [6, 4, 9, 5], "texture": "#wool"},
				"west": {"uv": [7, 4, 10, 5], "texture": "#wool"}
			}
		},
		{
			"from": [-0.025, -5, 12],
			"to": [-0.025, -4, 15],
			"rotation": {"angle": 0, "axis": "y", "origin": [8, 0, 8]},
			"faces": {
				"east": {"uv": [1, 4, 4, 5], "texture": "#wool"},
				"west": {"uv": [12, 4, 15, 5], "texture": "#wool"}
			}
		},
		{
			"from": [-0.025, -6, -0.025],
			"to": [-0.025, -5, 1],
			"rotation": {"angle": 0, "axis": "y", "origin": [8, 0, 8]},
			"faces": {
				"east": {"uv": [15, 5, 16, 6], "texture": "#wool"},
				"west": {"uv": [0, 5, 1, 6], "texture": "#wool"}
			}
		},
		{
			"from": [-0.025, -6, 2],
			"to": [-0.025, -5, 6],
			"rotation": {"angle": 0, "axis": "y", "origin": [8, 0, 8]},
			"faces": {
				"east": {"uv": [10, 5, 14, 6], "texture": "#wool"},
				"west": {"uv": [2, 5, 6, 6], "texture": "#wool"}
			}
		},
		{
			"from": [-0.025, -6, 7],
			"to": [-0.025, -5, 10],
			"rotation": {"angle": 0, "axis": "y", "origin": [8, 0, 8]},
			"faces": {
				"east": {"uv": [6, 5, 9, 6], "texture": "#wool"},
				"west": {"uv": [7, 5, 10, 6], "texture": "#wool"}
			}
		},
		{
			"from": [-0.025, -6, 13],
			"to": [-0.025, -5, 15],
			"rotation": {"angle": 0, "axis": "y", "origin": [8, 0, 8]},
			"faces": {
				"east": {"uv": [1, 5, 3, 6], "texture": "#wool"},
				"west": {"uv": [13, 5, 15, 6], "texture": "#wool"}
			}
		},
		{
			"from": [-0.025, -7, 3],
			"to": [-0.025, -6, 5],
			"rotation": {"angle": 0, "axis": "y", "origin": [8, 0, 8]},
			"faces": {
				"east": {"uv": [11, 6, 13, 7], "texture": "#wool"},
				"west": {"uv": [3, 6, 5, 7], "texture": "#wool"}
			}
		},
		{
			"from": [-0.025, -7, 8],
			"to": [-0.025, -6, 10],
			"rotation": {"angle": 0, "axis": "y", "origin": [8, 0, 8]},
			"faces": {
				"east": {"uv": [6, 6, 8, 7], "texture": "#wool"},
				"west": {"uv": [8, 6, 10, 7], "texture": "#wool"}
			}
		},
		{
			"from": [-0.025, -7, 13],
			"to": [-0.025, -6, 14],
			"rotation": {"angle": 0, "axis": "y", "origin": [8, 0, 8]},
			"faces": {
				"east": {"uv": [2, 6, 3, 7], "texture": "#wool"},
				"west": {"uv": [13, 6, 14, 7], "texture": "#wool"}
			}
		},
		{
			"from": [-0.025, -8, 3],
			"to": [-0.025, -7, 5],
			"rotation": {"angle": 0, "axis": "y", "origin": [8, 0, 8]},
			"faces": {
				"east": {"uv": [11, 7, 13, 8], "texture": "#wool"},
				"west": {"uv": [3, 7, 5, 8], "texture": "#wool"}
			}
		},
		{
			"from": [-0.025, -8, 8],
			"to": [-0.025, -7, 9],
			"rotation": {"angle": 0, "axis": "y", "origin": [8, 0, 8]},
			"faces": {
				"east": {"uv": [7, 7, 8, 8], "texture": "#wool"},
				"west": {"uv": [8, 7, 9, 8], "texture": "#wool"}
			}
		},
		{
			"from": [-0.025, -8, 13],
			"to": [-0.025, -7, 14],
			"rotation": {"angle": 0, "axis": "y", "origin": [8, 0, 8]},
			"faces": {
				"east": {"uv": [2, 7, 3, 8], "texture": "#wool"},
				"west": {"uv": [13, 7, 14, 8], "texture": "#wool"}
			}
		},
		{
			"from": [-0.025, -9, 3],
			"to": [-0.025, -8, 4],
			"rotation": {"angle": 0, "axis": "y", "origin": [8, 0, 8]},
			"faces": {
				"east": {"uv": [12, 8, 13, 9], "texture": "#wool"},
				"west": {"uv": [3, 8, 4, 9], "texture": "#wool"}
			}
		},
		{
			"from": [-0.025, -9, 13],
			"to": [-0.025, -8, 14],
			"rotation": {"angle": 0, "axis": "y", "origin": [8, 0, 8]},
			"faces": {
				"east": {"uv": [2, 8, 3, 9], "texture": "#wool"},
				"west": {"uv": [13, 8, 14, 9], "texture": "#wool"}
			}
		}
	],
	"display": {
		"thirdperson_righthand": {
			"rotation": [75, 45, 0],
			"translation": [0, 2.5, 2],
			"scale": [0.375, 0.375, 0.375]
		},
		"thirdperson_lefthand": {
			"rotation": [75, 45, 0],
			"translation": [0, 2.5, 2],
			"scale": [0.375, 0.375, 0.375]
		},
		"firstperson_righthand": {
			"rotation": [0, 45, 0],
			"translation": [0, 4.2, 0],
			"scale": [0.4, 0.4, 0.4]
		},
		"firstperson_lefthand": {
			"rotation": [0, 225, 0],
			"translation": [0, 4.2, 0],
			"scale": [0.4, 0.4, 0.4]
		},
		"ground": {
			"translation": [0, 3, 0],
			"scale": [0.25, 0.25, 0.25]
		},
		"gui": {
			"rotation": [30, 45, 0],
			"translation": [0, 5, 0],
			"scale": [0.625, 0.625, 0.625]
		},
		"head": {
			"translation": [0, 13.6, 0],
			"scale": [0.9, 0.9, 0.9]
		},
		"fixed": {
			"scale": [0.5, 0.5, 0.5]
		}
	},
	"groups": [
		0,
		{
			"name": "north",
			"origin": [8, 8, 8],
			"color": 0,
			"children": [1, 2, 3, 4, 5, 6, 7, 8, 9, 10, 11, 12, 13, 14, 15, 16, 17, 18, 19, 20]
		},
		{
			"name": "east",
			"origin": [8, 8, 8],
			"color": 0,
			"children": [21, 22, 23, 24, 25, 26, 27, 28, 29, 30, 31, 32, 33, 34, 35, 36, 37, 38, 39, 40]
		},
		{
			"name": "south",
			"origin": [8, 8, 8],
			"color": 0,
			"children": [41, 42, 43, 44, 45, 46, 47, 48, 49, 50, 51, 52, 53, 54, 55, 56, 57, 58, 59, 60]
		},
		{
			"name": "west",
			"origin": [8, 8, 8],
			"color": 0,
			"children": [61, 62, 63, 64, 65, 66, 67, 68, 69, 70, 71, 72, 73, 74, 75, 76, 77, 78, 79, 80]
		}
	]
}