{
	"credit": "Made with Blockbench",
	"textures": {
		"particle": "block/snow",
		"texture": "block/snow"
	},
	"elements": [
		{
			"from": [0, 0, 0],
			"to": [16, 12, 16],
			"faces": {
				"north": {"uv": [0, 4, 16, 16], "texture": "#texture", "cullface": "north"},
				"east": {"uv": [0, 4, 16, 16], "texture": "#texture", "cullface": "east"},
				"south": {"uv": [0, 4, 16, 16], "texture": "#texture", "cullface": "south"},
				"west": {"uv": [0, 4, 16, 16], "texture": "#texture", "cullface": "west"},
				"up": {"uv": [0, 0, 16, 16], "texture": "#texture"},
				"down": {"uv": [0, 0, 16, 16], "texture": "#texture", "cullface": "down"}
			}
		},
		{
			"from": [-0.025, 0, -0.025],
			"to": [16.025, 1, 16.025],
			"faces": {
				"north": {"uv": [0, 15, 16, 16], "texture": "#texture"},
				"east": {"uv": [0, 15, 16, 16], "texture": "#texture"},
				"south": {"uv": [0, 15, 16, 16], "texture": "#texture"},
				"west": {"uv": [0, 15, 16, 16], "texture": "#texture"}
			}
		},
		{
			"from": [-0.025, -1, -0.025],
			"to": [16.025, 0, -0.025],
			"rotation": {"angle": 0, "axis": "y", "origin": [8, 0, 8]},
			"faces": {
				"north": {"uv": [0, 0, 16, 1], "texture": "#texture"},
				"south": {"uv": [0, 0, 16, 1], "texture": "#texture"}
			}
		},
		{
			"from": [11.025, -2, -0.025],
			"to": [16.05, -1, -0.025],
			"rotation": {"angle": 0, "axis": "y", "origin": [8, 0, 8]},
			"faces": {
				"north": {"uv": [0, 1, 5, 2], "texture": "#texture"},
				"south": {"uv": [11, 1, 16, 2], "texture": "#texture"}
			}
		},
		{
			"from": [-0.025, -2, -0.025],
			"to": [10, -1, -0.025],
			"rotation": {"angle": 0, "axis": "y", "origin": [8, 0, 8]},
			"faces": {
				"north": {"uv": [6, 1, 16, 2], "texture": "#texture"},
				"south": {"uv": [0, 1, 10, 2], "texture": "#texture"}
			}
		},
		{
			"from": [15.025, -3, -0.025],
			"to": [16.05, -2, -0.025],
			"rotation": {"angle": 0, "axis": "y", "origin": [8, 0, 8]},
			"faces": {
				"north": {"uv": [0, 2, 1, 3], "texture": "#texture"},
				"south": {"uv": [14.975, 2, 15.975, 3], "texture": "#texture"}
			}
		},
		{
			"from": [11, -3, -0.025],
			"to": [14, -2, -0.025],
			"rotation": {"angle": 0, "axis": "y", "origin": [8, 0, 8]},
			"faces": {
				"north": {"uv": [2, 2, 5, 3], "texture": "#texture"},
				"south": {"uv": [11, 2, 14, 3], "texture": "#texture"}
			}
		},
		{
			"from": [9, -3, -0.025],
			"to": [10, -2, -0.025],
			"rotation": {"angle": 0, "axis": "y", "origin": [8, 0, 8]},
			"faces": {
				"north": {"uv": [6, 2, 7, 3], "texture": "#texture"},
				"south": {"uv": [9, 2, 10, 3], "texture": "#texture"}
			}
		},
		{
			"from": [4, -3, -0.025],
			"to": [8, -2, -0.025],
			"rotation": {"angle": 0, "axis": "y", "origin": [8, 0, 8]},
			"faces": {
				"north": {"uv": [8, 2, 12, 3], "texture": "#texture"},
				"south": {"uv": [4, 2, 8, 3], "texture": "#texture"}
			}
		},
		{
			"from": [1, -3, -0.025],
			"to": [3, -2, -0.025],
			"rotation": {"angle": 0, "axis": "y", "origin": [8, 0, 8]},
			"faces": {
				"north": {"uv": [13, 2, 15, 3], "texture": "#texture"},
				"south": {"uv": [1, 2, 3, 3], "texture": "#texture"}
			}
		},
		{
			"from": [11, -4, -0.025],
			"to": [12, -3, -0.025],
			"rotation": {"angle": 0, "axis": "y", "origin": [8, 0, 8]},
			"faces": {
				"north": {"uv": [4, 3, 5, 4], "texture": "#texture"},
				"south": {"uv": [11, 3, 12, 4], "texture": "#texture"}
			}
		},
		{
			"from": [7, -4, -0.025],
			"to": [8, -3, -0.025],
			"rotation": {"angle": 0, "axis": "y", "origin": [8, 0, 8]},
			"faces": {
				"north": {"uv": [8, 3, 9, 4], "texture": "#texture"},
				"south": {"uv": [7, 3, 8, 4], "texture": "#texture"}
			}
		},
		{
			"from": [5, -4, -0.025],
			"to": [6, -3, -0.025],
			"rotation": {"angle": 0, "axis": "y", "origin": [8, 0, 8]},
			"faces": {
				"north": {"uv": [10, 3, 11, 4], "texture": "#texture"},
				"south": {"uv": [5, 3, 6, 4], "texture": "#texture"}
			}
		},
		{
			"from": [16.025, -1, -0.025],
			"to": [16.025, 0, 16.025],
			"rotation": {"angle": 0, "axis": "y", "origin": [8, 0, 8]},
			"faces": {
				"east": {"uv": [0, 0, 16, 1], "texture": "#texture"},
				"west": {"uv": [0, 0, 16, 1], "texture": "#texture"}
			}
		},
		{
			"from": [16.025, -2, 11.025],
			"to": [16.025, -1, 16.05],
			"rotation": {"angle": 0, "axis": "y", "origin": [8, 0, 8]},
			"faces": {
				"east": {"uv": [0, 1, 5, 2], "texture": "#texture"},
				"west": {"uv": [11, 1, 16, 2], "texture": "#texture"}
			}
		},
		{
			"from": [16.025, -2, -0.025],
			"to": [16.025, -1, 10],
			"rotation": {"angle": 0, "axis": "y", "origin": [8, 0, 8]},
			"faces": {
				"east": {"uv": [6, 1, 16, 2], "texture": "#texture"},
				"west": {"uv": [0, 1, 10, 2], "texture": "#texture"}
			}
		},
		{
			"from": [16.025, -3, 15.025],
			"to": [16.025, -2, 16.05],
			"rotation": {"angle": 0, "axis": "y", "origin": [8, 0, 8]},
			"faces": {
				"east": {"uv": [0, 2, 1, 3], "texture": "#texture"},
				"west": {"uv": [14.975, 2, 15.975, 3], "texture": "#texture"}
			}
		},
		{
			"from": [16.025, -3, 11],
			"to": [16.025, -2, 14],
			"rotation": {"angle": 0, "axis": "y", "origin": [8, 0, 8]},
			"faces": {
				"east": {"uv": [2, 2, 5, 3], "texture": "#texture"},
				"west": {"uv": [11, 2, 14, 3], "texture": "#texture"}
			}
		},
		{
			"from": [16.025, -3, 9],
			"to": [16.025, -2, 10],
			"rotation": {"angle": 0, "axis": "y", "origin": [8, 0, 8]},
			"faces": {
				"east": {"uv": [6, 2, 7, 3], "texture": "#texture"},
				"west": {"uv": [9, 2, 10, 3], "texture": "#texture"}
			}
		},
		{
			"from": [16.025, -3, 4],
			"to": [16.025, -2, 8],
			"rotation": {"angle": 0, "axis": "y", "origin": [8, 0, 8]},
			"faces": {
				"east": {"uv": [8, 2, 12, 3], "texture": "#texture"},
				"west": {"uv": [4, 2, 8, 3], "texture": "#texture"}
			}
		},
		{
			"from": [16.025, -3, 1],
			"to": [16.025, -2, 3],
			"rotation": {"angle": 0, "axis": "y", "origin": [8, 0, 8]},
			"faces": {
				"east": {"uv": [13, 2, 15, 3], "texture": "#texture"},
				"west": {"uv": [1, 2, 3, 3], "texture": "#texture"}
			}
		},
		{
			"from": [16.025, -4, 11],
			"to": [16.025, -3, 12],
			"rotation": {"angle": 0, "axis": "y", "origin": [8, 0, 8]},
			"faces": {
				"east": {"uv": [4, 3, 5, 4], "texture": "#texture"},
				"west": {"uv": [11, 3, 12, 4], "texture": "#texture"}
			}
		},
		{
			"from": [16.025, -4, 7],
			"to": [16.025, -3, 8],
			"rotation": {"angle": 0, "axis": "y", "origin": [8, 0, 8]},
			"faces": {
				"east": {"uv": [8, 3, 9, 4], "texture": "#texture"},
				"west": {"uv": [7, 3, 8, 4], "texture": "#texture"}
			}
		},
		{
			"from": [16.025, -4, 5],
			"to": [16.025, -3, 6],
			"rotation": {"angle": 0, "axis": "y", "origin": [8, 0, 8]},
			"faces": {
				"east": {"uv": [10, 3, 11, 4], "texture": "#texture"},
				"west": {"uv": [5, 3, 6, 4], "texture": "#texture"}
			}
		},
		{
			"from": [-0.025, -1, 16.025],
			"to": [16.025, 0, 16.025],
			"rotation": {"angle": 0, "axis": "y", "origin": [8, 0, 8]},
			"faces": {
				"north": {"uv": [0, 0, 16, 1], "texture": "#texture"},
				"south": {"uv": [0, 0, 16, 1], "texture": "#texture"}
			}
		},
		{
			"from": [-0.05, -2, 16.025],
			"to": [4.975, -1, 16.025],
			"rotation": {"angle": 0, "axis": "y", "origin": [8, 0, 8]},
			"faces": {
				"north": {"uv": [11, 1, 16, 2], "texture": "#texture"},
				"south": {"uv": [0, 1, 5, 2], "texture": "#texture"}
			}
		},
		{
			"from": [6, -2, 16.025],
			"to": [16.025, -1, 16.025],
			"rotation": {"angle": 0, "axis": "y", "origin": [8, 0, 8]},
			"faces": {
				"north": {"uv": [0, 1, 10, 2], "texture": "#texture"},
				"south": {"uv": [6, 1, 16, 2], "texture": "#texture"}
			}
		},
		{
			"from": [-0.05, -3, 16.025],
			"to": [0.975, -2, 16.025],
			"rotation": {"angle": 0, "axis": "y", "origin": [8, 0, 8]},
			"faces": {
				"north": {"uv": [14.975, 2, 15.975, 3], "texture": "#texture"},
				"south": {"uv": [0, 2, 1, 3], "texture": "#texture"}
			}
		},
		{
			"from": [2, -3, 16.025],
			"to": [5, -2, 16.025],
			"rotation": {"angle": 0, "axis": "y", "origin": [8, 0, 8]},
			"faces": {
				"north": {"uv": [11, 2, 14, 3], "texture": "#texture"},
				"south": {"uv": [2, 2, 5, 3], "texture": "#texture"}
			}
		},
		{
			"from": [6, -3, 16.025],
			"to": [7, -2, 16.025],
			"rotation": {"angle": 0, "axis": "y", "origin": [8, 0, 8]},
			"faces": {
				"north": {"uv": [9, 2, 10, 3], "texture": "#texture"},
				"south": {"uv": [6, 2, 7, 3], "texture": "#texture"}
			}
		},
		{
			"from": [8, -3, 16.025],
			"to": [12, -2, 16.025],
			"rotation": {"angle": 0, "axis": "y", "origin": [8, 0, 8]},
			"faces": {
				"north": {"uv": [4, 2, 8, 3], "texture": "#texture"},
				"south": {"uv": [8, 2, 12, 3], "texture": "#texture"}
			}
		},
		{
			"from": [13, -3, 16.025],
			"to": [15, -2, 16.025],
			"rotation": {"angle": 0, "axis": "y", "origin": [8, 0, 8]},
			"faces": {
				"north": {"uv": [1, 2, 3, 3], "texture": "#texture"},
				"south": {"uv": [13, 2, 15, 3], "texture": "#texture"}
			}
		},
		{
			"from": [4, -4, 16.025],
			"to": [5, -3, 16.025],
			"rotation": {"angle": 0, "axis": "y", "origin": [8, 0, 8]},
			"faces": {
				"north": {"uv": [11, 3, 12, 4], "texture": "#texture"},
				"south": {"uv": [4, 3, 5, 4], "texture": "#texture"}
			}
		},
		{
			"from": [8, -4, 16.025],
			"to": [9, -3, 16.025],
			"rotation": {"angle": 0, "axis": "y", "origin": [8, 0, 8]},
			"faces": {
				"north": {"uv": [7, 3, 8, 4], "texture": "#texture"},
				"south": {"uv": [8, 3, 9, 4], "texture": "#texture"}
			}
		},
		{
			"from": [10, -4, 16.025],
			"to": [11, -3, 16.025],
			"rotation": {"angle": 0, "axis": "y", "origin": [8, 0, 8]},
			"faces": {
				"north": {"uv": [5, 3, 6, 4], "texture": "#texture"},
				"south": {"uv": [10, 3, 11, 4], "texture": "#texture"}
			}
		},
		{
			"from": [-0.025, -1, -0.025],
			"to": [-0.025, 0, 16.025],
			"rotation": {"angle": 0, "axis": "y", "origin": [8, 0, 8]},
			"faces": {
				"east": {"uv": [0, 0, 16, 1], "texture": "#texture"},
				"west": {"uv": [0, 0, 16, 1], "texture": "#texture"}
			}
		},
		{
			"from": [-0.025, -2, -0.05],
			"to": [-0.025, -1, 4.975],
			"rotation": {"angle": 0, "axis": "y", "origin": [8, 0, 8]},
			"faces": {
				"east": {"uv": [11, 1, 16, 2], "texture": "#texture"},
				"west": {"uv": [0, 1, 5, 2], "texture": "#texture"}
			}
		},
		{
			"from": [-0.025, -2, 6],
			"to": [-0.025, -1, 16.025],
			"rotation": {"angle": 0, "axis": "y", "origin": [8, 0, 8]},
			"faces": {
				"east": {"uv": [0, 1, 10, 2], "texture": "#texture"},
				"west": {"uv": [6, 1, 16, 2], "texture": "#texture"}
			}
		},
		{
			"from": [-0.025, -3, -0.05],
			"to": [-0.025, -2, 0.975],
			"rotation": {"angle": 0, "axis": "y", "origin": [8, 0, 8]},
			"faces": {
				"east": {"uv": [14.975, 2, 15.975, 3], "texture": "#texture"},
				"west": {"uv": [0, 2, 1, 3], "texture": "#texture"}
			}
		},
		{
			"from": [-0.025, -3, 2],
			"to": [-0.025, -2, 5],
			"rotation": {"angle": 0, "axis": "y", "origin": [8, 0, 8]},
			"faces": {
				"east": {"uv": [11, 2, 14, 3], "texture": "#texture"},
				"west": {"uv": [2, 2, 5, 3], "texture": "#texture"}
			}
		},
		{
			"from": [-0.025, -3, 6],
			"to": [-0.025, -2, 7],
			"rotation": {"angle": 0, "axis": "y", "origin": [8, 0, 8]},
			"faces": {
				"east": {"uv": [9, 2, 10, 3], "texture": "#texture"},
				"west": {"uv": [6, 2, 7, 3], "texture": "#texture"}
			}
		},
		{
			"from": [-0.025, -3, 8],
			"to": [-0.025, -2, 12],
			"rotation": {"angle": 0, "axis": "y", "origin": [8, 0, 8]},
			"faces": {
				"east": {"uv": [4, 2, 8, 3], "texture": "#texture"},
				"west": {"uv": [8, 2, 12, 3], "texture": "#texture"}
			}
		},
		{
			"from": [-0.025, -3, 13],
			"to": [-0.025, -2, 15],
			"rotation": {"angle": 0, "axis": "y", "origin": [8, 0, 8]},
			"faces": {
				"east": {"uv": [1, 2, 3, 3], "texture": "#texture"},
				"west": {"uv": [13, 2, 15, 3], "texture": "#texture"}
			}
		},
		{
			"from": [-0.025, -4, 4],
			"to": [-0.025, -3, 5],
			"rotation": {"angle": 0, "axis": "y", "origin": [8, 0, 8]},
			"faces": {
				"east": {"uv": [11, 3, 12, 4], "texture": "#texture"},
				"west": {"uv": [4, 3, 5, 4], "texture": "#texture"}
			}
		},
		{
			"from": [-0.025, -4, 8],
			"to": [-0.025, -3, 9],
			"rotation": {"angle": 0, "axis": "y", "origin": [8, 0, 8]},
			"faces": {
				"east": {"uv": [7, 3, 8, 4], "texture": "#texture"},
				"west": {"uv": [8, 3, 9, 4], "texture": "#texture"}
			}
		},
		{
			"from": [-0.025, -4, 10],
			"to": [-0.025, -3, 11],
			"rotation": {"angle": 0, "axis": "y", "origin": [8, 0, 8]},
			"faces": {
				"east": {"uv": [5, 3, 6, 4], "texture": "#texture"},
				"west": {"uv": [10, 3, 11, 4], "texture": "#texture"}
			}
		}
	],
	"groups": [
		0,
		1,
		{
			"name": "north",
			"origin": [8, 8, 8],
			"color": 0,
			"children": [2, 3, 4, 5, 6, 7, 8, 9, 10, 11, 12]
		},
		{
			"name": "east",
			"origin": [8, 8, 8],
			"color": 0,
			"children": [13, 14, 15, 16, 17, 18, 19, 20, 21, 22, 23]
		},
		{
			"name": "south",
			"origin": [8, 8, 8],
			"color": 0,
			"children": [24, 25, 26, 27, 28, 29, 30, 31, 32, 33, 34]
		},
		{
			"name": "west",
			"origin": [8, 8, 8],
			"color": 0,
			"children": [35, 36, 37, 38, 39, 40, 41, 42, 43, 44, 45]
		}
	]
}