{
	"credit": "Made with Blockbench",
	"parent": "block/block",
	"textures": {
		"particle": "block/chain",
		"all": "block/chain"
	},
	"elements": [
		{
			"name": "Chain1",
			"from": [8, 14, 6.5],
			"to": [8, 16, 9.5],
			"shade": false,
			"rotation": {"angle": 45, "axis": "y", "origin": [8, 0, 8]},
			"faces": {
				"east": {"uv": [0, 2, 3, 4], "texture": "#all"},
				"west": {"uv": [0, 2, 3, 4], "texture": "#all"}
			}
		},
		{
			"name": "Chain2",
			"from": [8, 11.3333, 6.5],
			"to": [8, 15.3333, 9.5],
			"shade": false,
			"rotation": {"angle": -45, "axis": "y", "origin": [8, 0, 8]},
			"faces": {
				"east": {"uv": [0, 0, 3, 4], "texture": "#all"},
				"west": {"uv": [0, 0, 3, 4], "texture": "#all"}
			}
		},
		{
			"name": "Chain3",
			"from": [8, 8.6666, 6.5],
			"to": [8, 12.6666, 9.5],
			"shade": false,
			"rotation": {"angle": 45, "axis": "y", "origin": [8, 0, 8]},
			"faces": {
				"east": {"uv": [0, 0, 3, 4], "texture": "#all"},
				"west": {"uv": [0, 0, 3, 4], "texture": "#all"}
			}
		},
		{
			"name": "Chain4",
			"from": [8, 6, 6.5],
			"to": [8, 10, 9.5],
			"shade": false,
			"rotation": {"angle": -45, "axis": "y", "origin": [8, 0, 8]},
			"faces": {
				"east": {"uv": [0, 0, 3, 4], "texture": "#all"},
				"west": {"uv": [0, 0, 3, 4], "texture": "#all"}
			}
		},
		{
			"name": "Chain5",
			"from": [8, 3.3333, 6.5],
			"to": [8, 7.3333, 9.5],
			"shade": false,
			"rotation": {"angle": 45, "axis": "y", "origin": [8, 0, 8]},
			"faces": {
				"east": {"uv": [0, 0, 3, 4], "texture": "#all"},
				"west": {"uv": [0, 0, 3, 4], "texture": "#all"}
			}
		},
		{
			"name": "Chain6",
			"from": [8, 0.6666, 6.5],
			"to": [8, 4.6666, 9.5],
			"shade": false,
			"rotation": {"angle": -45, "axis": "y", "origin": [8, 0, 8]},
			"faces": {
				"east": {"uv": [0, 0, 3, 4], "texture": "#all"},
				"west": {"uv": [0, 0, 3, 4], "texture": "#all"}
			}
		},
		{
			"name": "Chain7",
			"from": [8, 0, 6.5],
			"to": [8, 2, 9.5],
			"shade": false,
			"rotation": {"angle": 45, "axis": "y", "origin": [8, 0, 8]},
			"faces": {
				"east": {"uv": [0, 0, 3, 2], "texture": "#all"},
				"west": {"uv": [0, 0, 3, 2], "texture": "#all"}
			}
		}
	]
}