{
	"credit": "Made with Blockbench",
	"textures": {
		"fire": "block/campfire_fire",
		"ash": "block/campfire_ash",
		"log": "block/campfire_log",
		"particle": "block/oak_log"
	},
	"elements": [
		{
			"from": [1, 0, 0],
			"to": [5, 4, 16],
			"faces": {
				"north": {"uv": [0, 4, 4, 8], "texture": "#log", "cullface": "north"},
				"east": {"uv": [0, 0, 16, 4], "texture": "#log"},
				"south": {"uv": [0, 4, 4, 8], "texture": "#log", "cullface": "south"},
				"west": {"uv": [16, 0, 0, 4], "texture": "#log"},
				"up": {"uv": [0, 0, 16, 4], "rotation": 90, "texture": "#log"},
				"down": {"uv": [0, 0, 16, 4], "rotation": 90, "texture": "#log", "cullface": "down"}
			}
		},
		{
			"from": [0, 3, 11],
			"to": [16, 7, 15],
			"faces": {
				"north": {"uv": [16, 0, 0, 4], "texture": "#log"},
				"east": {"uv": [0, 4, 4, 8], "texture": "#log", "cullface": "east"},
				"south": {"uv": [0, 0, 16, 4], "texture": "#log"},
				"west": {"uv": [0, 4, 4, 8], "texture": "#log", "cullface": "west"},
				"up": {"uv": [0, 0, 16, 4], "rotation": 180, "texture": "#log"},
				"down": {"uv": [0, 0, 16, 4], "texture": "#log"}
			}
		},
		{
			"from": [11, 0, 0],
			"to": [15, 4, 16],
			"faces": {
				"north": {"uv": [0, 4, 4, 8], "texture": "#log", "cullface": "north"},
				"east": {"uv": [0, 0, 16, 4], "texture": "#log"},
				"south": {"uv": [0, 4, 4, 8], "texture": "#log", "cullface": "south"},
				"west": {"uv": [16, 0, 0, 4], "texture": "#log"},
				"up": {"uv": [0, 0, 16, 4], "rotation": 90, "texture": "#log"},
				"down": {"uv": [0, 0, 16, 4], "rotation": 90, "texture": "#log", "cullface": "down"}
			}
		},
		{
			"from": [0, 3, 1],
			"to": [16, 7, 5],
			"faces": {
				"north": {"uv": [0, 0, 16, 4], "texture": "#log"},
				"east": {"uv": [0, 4, 4, 8], "texture": "#log", "cullface": "east"},
				"south": {"uv": [16, 0, 0, 4], "texture": "#log"},
				"west": {"uv": [0, 4, 4, 8], "texture": "#log", "cullface": "west"},
				"up": {"uv": [0, 0, 16, 4], "rotation": 180, "texture": "#log"},
				"down": {"uv": [0, 0, 16, 4], "texture": "#log"}
			}
		},
		{
			"from": [2, 0, 2],
			"to": [14, 1, 14],
			"light_emission": 15,
			"faces": {
				"north": {"uv": [2, 2, 14, 3], "rotation": 180, "texture": "#ash", "cullface": "north"},
				"east": {"uv": [13, 2, 14, 14], "rotation": 90, "texture": "#ash"},
				"south": {"uv": [2, 13, 14, 14], "texture": "#ash", "cullface": "south"},
				"west": {"uv": [2, 2, 3, 14], "rotation": 270, "texture": "#ash"},
				"up": {"uv": [2, 2, 14, 14], "texture": "#ash"},
				"down": {"uv": [2, 2, 14, 14], "rotation": 180, "texture": "#ash", "cullface": "down"}
			}
		},
		{
			"from": [0.8, 1, 8],
			"to": [15.2, 17, 8],
			"shade": false,
			"light_emission": 15,
			"rotation": {"angle": 45, "axis": "y", "origin": [8, 8, 8], "rescale": true},
			"faces": {
				"north": {"uv": [0, 0, 16, 16], "texture": "#fire"},
				"south": {"uv": [0, 0, 16, 16], "texture": "#fire"}
			}
		},
		{
			"from": [8, 1, 0.8],
			"to": [8, 17, 15.2],
			"shade": false,
			"light_emission": 15,
			"rotation": {"angle": 45, "axis": "y", "origin": [8, 8, 8], "rescale": true},
			"faces": {
				"east": {"uv": [0, 0, 16, 16], "texture": "#fire"},
				"west": {"uv": [0, 0, 16, 16], "texture": "#fire"}
			}
		}
	],
	"gui_light": "front",
	"display": {
		"thirdperson_righthand": {
			"translation": [0, 2, 2],
			"scale": [0.3333, 0.3333, 0.3333]
		},
		"thirdperson_lefthand": {
			"translation": [0, 2, 2],
			"scale": [0.3333, 0.3333, 0.3333]
		},
		"firstperson_righthand": {
			"translation": [0, 4, 0],
			"scale": [0.6666, 0.6666, 0.6666]
		},
		"firstperson_lefthand": {
			"translation": [0, 4, 0],
			"scale": [0.6666, 0.6666, 0.6666]
		},
		"ground": {
			"translation": [0, 1.5, 0],
			"scale": [0.3333, 0.3333, 0.3333]
		},
		"gui": {
			"rotation": [30, 45, 0],
			"translation": [0, 1, 0],
			"scale": [0.6666, 0.6666, 0.6666]
		},
		"head": {
			"translation": [0, 10, 0]
		}
	}
}