{
	"credit": "Made with Blockbench",
	"textures": {
		"particle": "block/smooth_stone",
		"comparator": "block/comparator",
		"lit": "block/redstone_torch",
		"mode": "block/redstone_torch"
	},
	"elements": [
		{
			"name": "comparator",
			"from": [0, 0, 0],
			"to": [16, 2, 16],
			"faces": {
				"north": {"uv": [0, 14, 16, 16], "texture": "#comparator", "cullface": "north"},
				"east": {"uv": [0, 14, 16, 16], "texture": "#comparator", "cullface": "east"},
				"south": {"uv": [0, 14, 16, 16], "texture": "#comparator", "cullface": "south"},
				"west": {"uv": [0, 14, 16, 16], "texture": "#comparator", "cullface": "west"},
				"up": {"uv": [0, 0, 16, 16], "texture": "#comparator"},
				"down": {"uv": [0, 0, 16, 16], "texture": "#particle", "cullface": "down"}
			}
		},
		{
			"name": "Glow",
			"from": [12.5, 7.5, 13.5],
			"to": [9.5, 4.5, 10.5],
			"light_emission": 15,
			"rotation": {"angle": 0, "axis": "y", "origin": [11, 0, 12]},
			"faces": {
				"north": {"uv": [5, 5, 7, 7], "texture": "#lit"},
				"east": {"uv": [5, 5, 7, 7], "texture": "#lit"},
				"south": {"uv": [5, 5, 7, 7], "texture": "#lit"},
				"west": {"uv": [5, 5, 7, 7], "texture": "#lit"},
				"up": {"uv": [5, 5, 7, 7], "texture": "#lit"},
				"down": {"uv": [5, 5, 7, 7], "texture": "#lit"}
			}
		},
		{
			"name": "Ember",
			"from": [9.9375, 0.9375, 10.9375],
			"to": [12.0625, 7.0625, 13.0625],
			"light_emission": 15,
			"rotation": {"angle": 0, "axis": "y", "origin": [11, 0, 12]},
			"faces": {
				"north": {"uv": [2, 0, 4, 6], "texture": "#lit"},
				"east": {"uv": [2, 0, 4, 6], "texture": "#lit"},
				"south": {"uv": [2, 0, 4, 6], "texture": "#lit"},
				"west": {"uv": [2, 0, 4, 6], "texture": "#lit"},
				"up": {"uv": [2, 0, 4, 2], "texture": "#lit"}
			}
		},
		{
			"name": "Stick",
			"from": [10, 1, 11],
			"to": [12, 7, 13],
			"rotation": {"angle": 0, "axis": "y", "origin": [11, 0, 12]},
			"faces": {
				"north": {"uv": [0, 0, 2, 6], "texture": "#lit"},
				"east": {"uv": [0, 0, 2, 6], "texture": "#lit"},
				"south": {"uv": [0, 0, 2, 6], "texture": "#lit"},
				"west": {"uv": [0, 0, 2, 6], "texture": "#lit"},
				"up": {"uv": [0, 0, 2, 2], "texture": "#lit"}
			}
		},
		{
			"name": "Glow",
			"from": [6.5, 7.5, 13.5],
			"to": [3.5, 4.5, 10.5],
			"light_emission": 15,
			"rotation": {"angle": 0, "axis": "y", "origin": [5, 0, 12]},
			"faces": {
				"north": {"uv": [5, 5, 7, 7], "texture": "#lit"},
				"east": {"uv": [5, 5, 7, 7], "texture": "#lit"},
				"south": {"uv": [5, 5, 7, 7], "texture": "#lit"},
				"west": {"uv": [5, 5, 7, 7], "texture": "#lit"},
				"up": {"uv": [5, 5, 7, 7], "texture": "#lit"},
				"down": {"uv": [5, 5, 7, 7], "texture": "#lit"}
			}
		},
		{
			"name": "Ember",
			"from": [3.9375, 0.9375, 10.9375],
			"to": [6.0625, 7.0625, 13.0625],
			"light_emission": 15,
			"rotation": {"angle": 0, "axis": "y", "origin": [5, 0, 12]},
			"faces": {
				"north": {"uv": [2, 0, 4, 6], "texture": "#lit"},
				"east": {"uv": [2, 0, 4, 6], "texture": "#lit"},
				"south": {"uv": [2, 0, 4, 6], "texture": "#lit"},
				"west": {"uv": [2, 0, 4, 6], "texture": "#lit"},
				"up": {"uv": [2, 0, 4, 2], "texture": "#lit"}
			}
		},
		{
			"name": "Stick",
			"from": [4, 1, 11],
			"to": [6, 7, 13],
			"rotation": {"angle": 0, "axis": "y", "origin": [5, 0, 12]},
			"faces": {
				"north": {"uv": [0, 0, 2, 6], "texture": "#lit"},
				"east": {"uv": [0, 0, 2, 6], "texture": "#lit"},
				"south": {"uv": [0, 0, 2, 6], "texture": "#lit"},
				"west": {"uv": [0, 0, 2, 6], "texture": "#lit"},
				"up": {"uv": [0, 0, 2, 2], "texture": "#lit"}
			}
		},
		{
			"name": "Glow",
			"from": [9.5, 6.5, 4.5],
			"to": [6.5, 3.5, 1.5],
			"light_emission": 15,
			"rotation": {"angle": 0, "axis": "y", "origin": [8, -1, 3]},
			"faces": {
				"north": {"uv": [5, 5, 7, 7], "texture": "#mode"},
				"east": {"uv": [5, 5, 7, 7], "texture": "#mode"},
				"south": {"uv": [5, 5, 7, 7], "texture": "#mode"},
				"west": {"uv": [5, 5, 7, 7], "texture": "#mode"},
				"up": {"uv": [5, 5, 7, 7], "texture": "#mode"},
				"down": {"uv": [5, 5, 7, 7], "texture": "#mode"}
			}
		},
		{
			"name": "Ember",
			"from": [6.9375, 0.9375, 1.9375],
			"to": [9.0625, 6.0625, 4.0625],
			"light_emission": 15,
			"rotation": {"angle": 0, "axis": "y", "origin": [8, -1, 3]},
			"faces": {
				"north": {"uv": [2, 0, 4, 5], "texture": "#mode"},
				"east": {"uv": [2, 0, 4, 5], "texture": "#mode"},
				"south": {"uv": [2, 0, 4, 5], "texture": "#mode"},
				"west": {"uv": [2, 0, 4, 5], "texture": "#mode"},
				"up": {"uv": [2, 0, 4, 2], "texture": "#mode"}
			}
		},
		{
			"name": "Stick",
			"from": [7, 1, 2],
			"to": [9, 6, 4],
			"rotation": {"angle": 0, "axis": "y", "origin": [8, -1, 3]},
			"faces": {
				"north": {"uv": [0, 0, 2, 5], "texture": "#mode"},
				"east": {"uv": [0, 0, 2, 5], "texture": "#mode"},
				"south": {"uv": [0, 0, 2, 5], "texture": "#mode"},
				"west": {"uv": [0, 0, 2, 5], "texture": "#mode"},
				"up": {"uv": [0, 0, 2, 2], "texture": "#mode"}
			}
		}
	],
	"groups": [
		0,
		{
			"name": "Torch 1",
			"origin": [11, 0, 12],
			"color": 0,
			"children": [1, 2, 3]
		},
		{
			"name": "Torch 2",
			"origin": [11, 0, 12],
			"color": 0,
			"children": [4, 5, 6]
		},
		{
			"name": "Torch 3",
			"origin": [11, 0, 12],
			"color": 0,
			"children": [7, 8, 9]
		}
	]
}
