{
	"credit": "Made with Blockbench",
	"ambientocclusion": false,
	"textures": {
		"main": "block/torch",
		"animated": "block/flame",
		"particle": "block/oak_log"
	},
	"elements": [
		{
			"name": "Stick",
			"from": [7, 0, 7],
			"to": [9, 10, 9],
			"rotation": {"angle": 0, "axis": "y", "origin": [8, 0, 8]},
			"faces": {
				"north": {"uv": [0, 0, 2, 10], "texture": "#main"},
				"east": {"uv": [0, 0, 2, 10], "texture": "#main"},
				"south": {"uv": [0, 0, 2, 10], "texture": "#main"},
				"west": {"uv": [0, 0, 2, 10], "texture": "#main"},
				"up": {"uv": [0, 0, 2, 2], "texture": "#main"},
				"down": {"uv": [0, 8, 2, 10], "texture": "#main", "cullface": "down"}
			}
		},
		{
			"name": "Ember",
			"from": [6.9375, -0.0625, 6.9375],
			"to": [9.0625, 10.0625, 9.0625],
			"light_emission": 15,
			"rotation": {"angle": 0, "axis": "y", "origin": [8, 0, 8]},
			"faces": {
				"north": {"uv": [2, 0, 4, 10], "texture": "#main"},
				"east": {"uv": [2, 0, 4, 10], "texture": "#main"},
				"south": {"uv": [2, 0, 4, 10], "texture": "#main"},
				"west": {"uv": [2, 0, 4, 10], "texture": "#main"},
				"up": {"uv": [2, 0, 4, 2], "texture": "#main"},
				"down": {"uv": [2, 8, 4, 10], "texture": "#main", "cullface": "down"}
			}
		},
		{
			"name": "Glow",
			"from": [9.5, 10.5, 9.5],
			"to": [6.5, 7.5, 6.5],
			"light_emission": 15,
			"rotation": {"angle": 0, "axis": "y", "origin": [8, 0, 8]},
			"faces": {
				"north": {"uv": [5, 5, 7, 7], "texture": "#main"},
				"east": {"uv": [5, 5, 7, 7], "texture": "#main"},
				"south": {"uv": [5, 5, 7, 7], "texture": "#main"},
				"west": {"uv": [5, 5, 7, 7], "texture": "#main"},
				"up": {"uv": [5, 5, 7, 7], "texture": "#main"},
				"down": {"uv": [5, 5, 7, 7], "texture": "#main"}
			}
		},
		{
			"name": "Flame1",
			"from": [8, 8, 6],
			"to": [8, 18, 10],
			"light_emission": 15,
			"rotation": {"angle": 45, "axis": "y", "origin": [8, 0, 8]},
			"faces": {
				"east": {"uv": [6, 6, 10, 16], "texture": "#animated"},
				"west": {"uv": [6, 6, 10, 16], "texture": "#animated"}
			}
		},
		{
			"name": "Flame2",
			"from": [8, 8, 6],
			"to": [8, 18, 10],
			"light_emission": 15,
			"rotation": {"angle": -45, "axis": "y", "origin": [8, 0, 8]},
			"faces": {
				"east": {"uv": [6, 6, 10, 16], "texture": "#animated"},
				"west": {"uv": [6, 6, 10, 16], "texture": "#animated"}
			}
		}
	],
	"gui_light": "front",
	"display": {
		"thirdperson_righthand": {
			"translation": [0, 4, 1],
			"scale": [0.75, 0.75, 0.75]
		},
		"thirdperson_lefthand": {
			"translation": [0, 4, 1],
			"scale": [0.75, 0.75, 0.75]
		},
		"firstperson_righthand": {
			"rotation": [-20, 0, 0],
			"translation": [2, 4, 0],
			"scale": [0.75, 0.75, 0.75]
		},
		"firstperson_lefthand": {
			"rotation": [-20, 0, 0],
			"translation": [2, 4, 0],
			"scale": [0.75, 0.75, 0.75]
		},
		"ground": {
			"translation": [0, 1.5, 0],
			"scale": [0.3333, 0.3333, 0.3333]
		},
		"gui": {
			"rotation": [30, 45, 0]
		},
		"head": {
			"rotation": [-45, 0, 0],
			"translation": [0, 8, -10]
		}
	}
}