{
	"credit": "Made with Blockbench",
	"ambientocclusion": false,
	"textures": {
		"particle": "block/smooth_stone",
		"repeater": "block/repeater",
		"lit": "block/redstone_torch",
		"tick1": "block/bedrock",
		"tick2": "block/blank",
		"tick3": "block/blank",
		"tick4": "block/blank"
	},
	"elements": [
		{
			"name": "repeater",
			"from": [0, 0, 0],
			"to": [16, 2, 16],
			"faces": {
				"north": {"uv": [0, 14, 16, 16], "texture": "#particle", "cullface": "north"},
				"east": {"uv": [0, 14, 16, 16], "texture": "#particle", "cullface": "east"},
				"south": {"uv": [0, 14, 16, 16], "texture": "#particle", "cullface": "south"},
				"west": {"uv": [0, 14, 16, 16], "texture": "#particle", "cullface": "west"},
				"up": {"uv": [0, 0, 16, 16], "texture": "#repeater"},
				"down": {"uv": [0, 0, 16, 16], "texture": "#particle", "cullface": "down"}
			}
		},
		{
			"name": "Glow",
			"from": [9.5, 7.5, 4.5],
			"to": [6.5, 4.5, 1.5],
			"light_emission": 15,
			"rotation": {"angle": 0, "axis": "y", "origin": [8, 0, 3]},
			"faces": {
				"north": {"uv": [5, 5, 7, 7], "texture": "#lit"},
				"east": {"uv": [5, 5, 7, 7], "texture": "#lit"},
				"south": {"uv": [5, 5, 7, 7], "texture": "#lit"},
				"west": {"uv": [5, 5, 7, 7], "texture": "#lit"},
				"up": {"uv": [5, 5, 7, 7], "texture": "#lit"},
				"down": {"uv": [5, 5, 7, 7], "texture": "#lit"}
			}
		},
		{
			"name": "Ember",
			"from": [6.9375, 0.9375, 1.9375],
			"to": [9.0625, 7.0625, 4.0625],
			"light_emission": 15,
			"rotation": {"angle": 0, "axis": "y", "origin": [8, 0, 3]},
			"faces": {
				"north": {"uv": [2, 0, 4, 6], "texture": "#lit"},
				"east": {"uv": [2, 0, 4, 6], "texture": "#lit"},
				"south": {"uv": [2, 0, 4, 6], "texture": "#lit"},
				"west": {"uv": [2, 0, 4, 6], "texture": "#lit"},
				"up": {"uv": [2, 0, 4, 2], "texture": "#lit"}
			}
		},
		{
			"name": "Stick",
			"from": [7, 1, 2],
			"to": [9, 7, 4],
			"rotation": {"angle": 0, "axis": "y", "origin": [8, 0, 3]},
			"faces": {
				"north": {"uv": [0, 0, 2, 6], "texture": "#lit"},
				"east": {"uv": [0, 0, 2, 6], "texture": "#lit"},
				"south": {"uv": [0, 0, 2, 6], "texture": "#lit"},
				"west": {"uv": [0, 0, 2, 6], "texture": "#lit"},
				"up": {"uv": [0, 0, 2, 2], "texture": "#lit"}
			}
		},
		{
			"name": "Tick 1",
			"from": [2, 2, 6],
			"to": [14, 4, 8],
			"faces": {
				"north": {"uv": [2, 7, 14, 9], "texture": "#tick1"},
				"east": {"uv": [6, 7, 8, 9], "texture": "#tick1"},
				"south": {"uv": [2, 7, 14, 9], "texture": "#tick1"},
				"west": {"uv": [6, 7, 8, 9], "texture": "#tick1"},
				"up": {"uv": [7, 2, 9, 14], "rotation": 90, "texture": "#tick1"},
				"down": {"uv": [7, 2, 9, 14], "rotation": 90, "texture": "#tick1"}
			}
		},
		{
			"name": "Tick 2",
			"from": [2, 2, 8],
			"to": [14, 4, 10],
			"rotation": {"angle": 0, "axis": "y", "origin": [0, 0, 2]},
			"faces": {
				"north": {"uv": [2, 7, 14, 9], "texture": "#tick2"},
				"east": {"uv": [6, 7, 8, 9], "texture": "#tick2"},
				"south": {"uv": [2, 7, 14, 9], "texture": "#tick2"},
				"west": {"uv": [6, 7, 8, 9], "texture": "#tick2"},
				"up": {"uv": [7, 2, 9, 14], "rotation": 90, "texture": "#tick2"},
				"down": {"uv": [7, 2, 9, 14], "rotation": 90, "texture": "#tick2"}
			}
		},
		{
			"name": "Tick 3",
			"from": [2, 2, 10],
			"to": [14, 4, 12],
			"rotation": {"angle": 0, "axis": "y", "origin": [0, 0, 4]},
			"faces": {
				"north": {"uv": [2, 7, 14, 9], "texture": "#tick3"},
				"east": {"uv": [6, 7, 8, 9], "texture": "#tick3"},
				"south": {"uv": [2, 7, 14, 9], "texture": "#tick3"},
				"west": {"uv": [6, 7, 8, 9], "texture": "#tick3"},
				"up": {"uv": [7, 2, 9, 14], "rotation": 90, "texture": "#tick3"},
				"down": {"uv": [7, 2, 9, 14], "rotation": 90, "texture": "#tick3"}
			}
		},
		{
			"name": "Tick 4",
			"from": [2, 2, 12],
			"to": [14, 4, 14],
			"rotation": {"angle": 0, "axis": "y", "origin": [0, 0, 6]},
			"faces": {
				"north": {"uv": [2, 7, 14, 9], "texture": "#tick4"},
				"east": {"uv": [6, 7, 8, 9], "texture": "#tick4"},
				"south": {"uv": [2, 7, 14, 9], "texture": "#tick4"},
				"west": {"uv": [6, 7, 8, 9], "texture": "#tick4"},
				"up": {"uv": [7, 2, 9, 14], "rotation": 90, "texture": "#tick4"},
				"down": {"uv": [7, 2, 9, 14], "rotation": 90, "texture": "#tick4"}
			}
		}
	],
	"groups": [
		0,
		{
			"name": "Torch 1",
			"origin": [11, 0, 12],
			"color": 0,
			"children": [1, 2, 3]
		},
		4,
		5,
		6,
		7
	]
}
