{
	"credit": "Made with Blockbench",
	"ambientocclusion": false,
	"textures": {
		"particle": "block/smooth_stone",
		"repeater": "block/repeater",
		"lit": "block/redstone_torch",
		"tick1": "block/redstone_torch",
		"tick2": "block/blank",
		"tick3": "block/blank",
		"tick4": "block/blank"
	},
	"elements": [
		{
			"name": "repeater",
			"from": [0, 0, 0],
			"to": [16, 2, 16],
			"faces": {
				"north": {"uv": [0, 14, 16, 16], "texture": "#particle", "cullface": "north"},
				"east": {"uv": [0, 14, 16, 16], "texture": "#particle", "cullface": "east"},
				"south": {"uv": [0, 14, 16, 16], "texture": "#particle", "cullface": "south"},
				"west": {"uv": [0, 14, 16, 16], "texture": "#particle", "cullface": "west"},
				"up": {"uv": [0, 0, 16, 16], "texture": "#repeater"},
				"down": {"uv": [0, 0, 16, 16], "texture": "#particle", "cullface": "down"}
			}
		},
		{
			"name": "Glow",
			"from": [9.5, 7.5, 4.5],
			"to": [6.5, 4.5, 1.5],
			"light_emission": 15,
			"rotation": {"angle": 0, "axis": "y", "origin": [8, 0, 3]},
			"faces": {
				"north": {"uv": [5, 5, 7, 7], "texture": "#lit"},
				"east": {"uv": [5, 5, 7, 7], "texture": "#lit"},
				"south": {"uv": [5, 5, 7, 7], "texture": "#lit"},
				"west": {"uv": [5, 5, 7, 7], "texture": "#lit"},
				"up": {"uv": [5, 5, 7, 7], "texture": "#lit"},
				"down": {"uv": [5, 5, 7, 7], "texture": "#lit"}
			}
		},
		{
			"name": "Ember",
			"from": [6.9375, 0.9375, 1.9375],
			"to": [9.0625, 7.0625, 4.0625],
			"light_emission": 15,
			"rotation": {"angle": 0, "axis": "y", "origin": [8, 0, 3]},
			"faces": {
				"north": {"uv": [2, 0, 4, 6], "texture": "#lit"},
				"east": {"uv": [2, 0, 4, 6], "texture": "#lit"},
				"south": {"uv": [2, 0, 4, 6], "texture": "#lit"},
				"west": {"uv": [2, 0, 4, 6], "texture": "#lit"},
				"up": {"uv": [2, 0, 4, 2], "texture": "#lit"}
			}
		},
		{
			"name": "Stick",
			"from": [7, 1, 2],
			"to": [9, 7, 4],
			"rotation": {"angle": 0, "axis": "y", "origin": [8, 0, 3]},
			"faces": {
				"north": {"uv": [0, 0, 2, 6], "texture": "#lit"},
				"east": {"uv": [0, 0, 2, 6], "texture": "#lit"},
				"south": {"uv": [0, 0, 2, 6], "texture": "#lit"},
				"west": {"uv": [0, 0, 2, 6], "texture": "#lit"},
				"up": {"uv": [0, 0, 2, 2], "texture": "#lit"}
			}
		},
		{
			"name": "Glow",
			"from": [9.5, 7.5, 8.5],
			"to": [6.5, 4.5, 5.5],
			"light_emission": 15,
			"rotation": {"angle": 0, "axis": "y", "origin": [8, 0, 7]},
			"faces": {
				"north": {"uv": [5, 5, 7, 7], "texture": "#tick1"},
				"east": {"uv": [5, 5, 7, 7], "texture": "#tick1"},
				"south": {"uv": [5, 5, 7, 7], "texture": "#tick1"},
				"west": {"uv": [5, 5, 7, 7], "texture": "#tick1"},
				"up": {"uv": [5, 5, 7, 7], "texture": "#tick1"},
				"down": {"uv": [5, 5, 7, 7], "texture": "#tick1"}
			}
		},
		{
			"name": "Ember",
			"from": [6.9375, 0.9375, 5.9375],
			"to": [9.0625, 7.0625, 8.0625],
			"light_emission": 15,
			"rotation": {"angle": 0, "axis": "y", "origin": [8, 0, 7]},
			"faces": {
				"north": {"uv": [2, 0, 4, 6], "texture": "#tick1"},
				"east": {"uv": [2, 0, 4, 6], "texture": "#tick1"},
				"south": {"uv": [2, 0, 4, 6], "texture": "#tick1"},
				"west": {"uv": [2, 0, 4, 6], "texture": "#tick1"},
				"up": {"uv": [2, 0, 4, 2], "texture": "#tick1"}
			}
		},
		{
			"name": "Stick",
			"from": [7, 1, 6],
			"to": [9, 7, 8],
			"rotation": {"angle": 0, "axis": "y", "origin": [8, 0, 7]},
			"faces": {
				"north": {"uv": [0, 0, 2, 6], "texture": "#tick1"},
				"east": {"uv": [0, 0, 2, 6], "texture": "#tick1"},
				"south": {"uv": [0, 0, 2, 6], "texture": "#tick1"},
				"west": {"uv": [0, 0, 2, 6], "texture": "#tick1"},
				"up": {"uv": [0, 0, 2, 2], "texture": "#tick1"}
			}
		},
		{
			"name": "Glow",
			"from": [9.5, 7.5, 10.5],
			"to": [6.5, 4.5, 7.5],
			"light_emission": 15,
			"rotation": {"angle": 0, "axis": "y", "origin": [8, 0, 9]},
			"faces": {
				"north": {"uv": [5, 5, 7, 7], "texture": "#tick2"},
				"east": {"uv": [5, 5, 7, 7], "texture": "#tick2"},
				"south": {"uv": [5, 5, 7, 7], "texture": "#tick2"},
				"west": {"uv": [5, 5, 7, 7], "texture": "#tick2"},
				"up": {"uv": [5, 5, 7, 7], "texture": "#tick2"},
				"down": {"uv": [5, 5, 7, 7], "texture": "#tick2"}
			}
		},
		{
			"name": "Ember",
			"from": [6.9375, 0.9375, 7.9375],
			"to": [9.0625, 7.0625, 10.0625],
			"light_emission": 15,
			"rotation": {"angle": 0, "axis": "y", "origin": [8, 0, 9]},
			"faces": {
				"north": {"uv": [2, 0, 4, 6], "texture": "#tick2"},
				"east": {"uv": [2, 0, 4, 6], "texture": "#tick2"},
				"south": {"uv": [2, 0, 4, 6], "texture": "#tick2"},
				"west": {"uv": [2, 0, 4, 6], "texture": "#tick2"},
				"up": {"uv": [2, 0, 4, 2], "texture": "#tick2"}
			}
		},
		{
			"name": "Stick",
			"from": [7, 1, 8],
			"to": [9, 7, 10],
			"rotation": {"angle": 0, "axis": "y", "origin": [8, 0, 9]},
			"faces": {
				"north": {"uv": [0, 0, 2, 6], "texture": "#tick2"},
				"east": {"uv": [0, 0, 2, 6], "texture": "#tick2"},
				"south": {"uv": [0, 0, 2, 6], "texture": "#tick2"},
				"west": {"uv": [0, 0, 2, 6], "texture": "#tick2"},
				"up": {"uv": [0, 0, 2, 2], "texture": "#tick2"}
			}
		},
		{
			"name": "Glow",
			"from": [9.5, 7.5, 12.5],
			"to": [6.5, 4.5, 9.5],
			"light_emission": 15,
			"rotation": {"angle": 0, "axis": "y", "origin": [8, 0, 11]},
			"faces": {
				"north": {"uv": [5, 5, 7, 7], "texture": "#tick3"},
				"east": {"uv": [5, 5, 7, 7], "texture": "#tick3"},
				"south": {"uv": [5, 5, 7, 7], "texture": "#tick3"},
				"west": {"uv": [5, 5, 7, 7], "texture": "#tick3"},
				"up": {"uv": [5, 5, 7, 7], "texture": "#tick3"},
				"down": {"uv": [5, 5, 7, 7], "texture": "#tick3"}
			}
		},
		{
			"name": "Ember",
			"from": [6.9375, 0.9375, 9.9375],
			"to": [9.0625, 7.0625, 12.0625],
			"light_emission": 15,
			"rotation": {"angle": 0, "axis": "y", "origin": [8, 0, 11]},
			"faces": {
				"north": {"uv": [2, 0, 4, 6], "texture": "#tick3"},
				"east": {"uv": [2, 0, 4, 6], "texture": "#tick3"},
				"south": {"uv": [2, 0, 4, 6], "texture": "#tick3"},
				"west": {"uv": [2, 0, 4, 6], "texture": "#tick3"},
				"up": {"uv": [2, 0, 4, 2], "texture": "#tick3"}
			}
		},
		{
			"name": "Stick",
			"from": [7, 1, 10],
			"to": [9, 7, 12],
			"rotation": {"angle": 0, "axis": "y", "origin": [8, 0, 11]},
			"faces": {
				"north": {"uv": [0, 0, 2, 6], "texture": "#tick3"},
				"east": {"uv": [0, 0, 2, 6], "texture": "#tick3"},
				"south": {"uv": [0, 0, 2, 6], "texture": "#tick3"},
				"west": {"uv": [0, 0, 2, 6], "texture": "#tick3"},
				"up": {"uv": [0, 0, 2, 2], "texture": "#tick3"}
			}
		},
		{
			"name": "Glow",
			"from": [9.5, 7.5, 14.5],
			"to": [6.5, 4.5, 11.5],
			"light_emission": 15,
			"rotation": {"angle": 0, "axis": "y", "origin": [8, 0, 13]},
			"faces": {
				"north": {"uv": [5, 5, 7, 7], "texture": "#tick4"},
				"east": {"uv": [5, 5, 7, 7], "texture": "#tick4"},
				"south": {"uv": [5, 5, 7, 7], "texture": "#tick4"},
				"west": {"uv": [5, 5, 7, 7], "texture": "#tick4"},
				"up": {"uv": [5, 5, 7, 7], "texture": "#tick4"},
				"down": {"uv": [5, 5, 7, 7], "texture": "#tick4"}
			}
		},
		{
			"name": "Ember",
			"from": [6.9375, 0.9375, 11.9375],
			"to": [9.0625, 7.0625, 14.0625],
			"light_emission": 15,
			"rotation": {"angle": 0, "axis": "y", "origin": [8, 0, 13]},
			"faces": {
				"north": {"uv": [2, 0, 4, 6], "texture": "#tick4"},
				"east": {"uv": [2, 0, 4, 6], "texture": "#tick4"},
				"south": {"uv": [2, 0, 4, 6], "texture": "#tick4"},
				"west": {"uv": [2, 0, 4, 6], "texture": "#tick4"},
				"up": {"uv": [2, 0, 4, 2], "texture": "#tick4"}
			}
		},
		{
			"name": "Stick",
			"from": [7, 1, 12],
			"to": [9, 7, 14],
			"rotation": {"angle": 0, "axis": "y", "origin": [8, 0, 13]},
			"faces": {
				"north": {"uv": [0, 0, 2, 6], "texture": "#tick4"},
				"east": {"uv": [0, 0, 2, 6], "texture": "#tick4"},
				"south": {"uv": [0, 0, 2, 6], "texture": "#tick4"},
				"west": {"uv": [0, 0, 2, 6], "texture": "#tick4"},
				"up": {"uv": [0, 0, 2, 2], "texture": "#tick4"}
			}
		}
	],
	"groups": [
		0,
		{
			"name": "Torch 1",
			"origin": [11, 0, 12],
			"color": 0,
			"children": [1, 2, 3]
		},
		{
			"name": "Tick 1",
			"origin": [11, 0, 12],
			"color": 0,
			"children": [4, 5, 6]
		},
		{
			"name": "Tick 2",
			"origin": [11, 0, 12],
			"color": 0,
			"children": [7, 8, 9]
		},
		{
			"name": "Tick 3",
			"origin": [11, 0, 12],
			"color": 0,
			"children": [10, 11, 12]
		},
		{
			"name": "Tick 4",
			"origin": [11, 0, 12],
			"color": 0,
			"children": [13, 14, 15]
		}
	]
}
