{
	"credit": "Made with Blockbench",
	"textures": {
		"lantern": "block/lantern",
		"animated": "block/flame",
		"particle": "block/chain",
		"chain": "block/chain"
	},
	"elements": [
		{
			"name": "Top",
			"from": [6, 8, 6],
			"to": [10, 10, 10],
			"rotation": {"angle": 0, "axis": "y", "origin": [8, 0, 8]},
			"faces": {
				"north": {"uv": [1, 0, 5, 2], "texture": "#lantern"},
				"east": {"uv": [1, 0, 5, 2], "texture": "#lantern"},
				"south": {"uv": [1, 0, 5, 2], "texture": "#lantern"},
				"west": {"uv": [1, 0, 5, 2], "texture": "#lantern"},
				"up": {"uv": [1, 10, 5, 14], "texture": "#lantern"}
			}
		},
		{
			"name": "Upper",
			"from": [5, 7, 5],
			"to": [11, 8, 11],
			"rotation": {"angle": 0, "axis": "y", "origin": [8, 0, 8]},
			"faces": {
				"north": {"uv": [0, 2, 6, 3], "texture": "#lantern"},
				"east": {"uv": [0, 2, 6, 3], "texture": "#lantern"},
				"south": {"uv": [0, 2, 6, 3], "texture": "#lantern"},
				"west": {"uv": [0, 2, 6, 3], "texture": "#lantern"},
				"up": {"uv": [0, 9, 6, 15], "texture": "#lantern"},
				"down": {"uv": [0, 9, 6, 15], "texture": "#lantern", "cullface": "down"}
			}
		},
		{
			"name": "Corner1",
			"from": [5.0625, 1.0625, 5.0625],
			"to": [5.9375, 7.9375, 5.9375],
			"rotation": {"angle": 0, "axis": "y", "origin": [8, 0, 8]},
			"faces": {
				"north": {"uv": [0, 2, 1, 9], "texture": "#lantern"},
				"east": {"uv": [0, 2, 1, 9], "texture": "#lantern"},
				"south": {"uv": [0, 2, 1, 9], "texture": "#lantern"},
				"west": {"uv": [0, 2, 1, 9], "texture": "#lantern"}
			}
		},
		{
			"name": "Corner2",
			"from": [5.0625, 1.0625, 10.0625],
			"to": [5.9375, 7.9375, 10.9375],
			"rotation": {"angle": 0, "axis": "y", "origin": [8, 0, 8]},
			"faces": {
				"north": {"uv": [5, 2, 6, 9], "texture": "#lantern"},
				"east": {"uv": [5, 2, 6, 9], "texture": "#lantern"},
				"south": {"uv": [5, 2, 6, 9], "texture": "#lantern"},
				"west": {"uv": [5, 2, 6, 9], "texture": "#lantern"}
			}
		},
		{
			"name": "Corner3",
			"from": [10.0625, 1.0625, 5.0625],
			"to": [10.9375, 7.9375, 5.9375],
			"rotation": {"angle": 0, "axis": "y", "origin": [8, 0, 8]},
			"faces": {
				"north": {"uv": [5, 2, 6, 9], "texture": "#lantern"},
				"east": {"uv": [5, 2, 6, 9], "texture": "#lantern"},
				"south": {"uv": [5, 2, 6, 9], "texture": "#lantern"},
				"west": {"uv": [5, 2, 6, 9], "texture": "#lantern"}
			}
		},
		{
			"name": "Corner4",
			"from": [10.0625, 1.0625, 10.0625],
			"to": [10.9375, 7.9375, 10.9375],
			"rotation": {"angle": 0, "axis": "y", "origin": [8, 0, 8]},
			"faces": {
				"north": {"uv": [0, 2, 1, 9], "texture": "#lantern"},
				"east": {"uv": [0, 2, 1, 9], "texture": "#lantern"},
				"south": {"uv": [0, 2, 1, 9], "texture": "#lantern"},
				"west": {"uv": [0, 2, 1, 9], "texture": "#lantern"}
			}
		},
		{
			"name": "Lower",
			"from": [5, 1, 5],
			"to": [11, 2, 11],
			"rotation": {"angle": 0, "axis": "y", "origin": [8, 0, 8]},
			"faces": {
				"north": {"uv": [0, 8, 6, 9], "texture": "#lantern"},
				"east": {"uv": [0, 8, 6, 9], "texture": "#lantern"},
				"south": {"uv": [0, 8, 6, 9], "texture": "#lantern"},
				"west": {"uv": [0, 8, 6, 9], "texture": "#lantern"},
				"up": {"uv": [0, 9, 6, 15], "texture": "#lantern"},
				"down": {"uv": [0, 9, 6, 15], "texture": "#lantern", "cullface": "down"}
			}
		},
		{
			"name": "Coal",
			"from": [5.9375, 1.4375, 5.9375],
			"to": [10.0625, 2.0625, 10.0625],
			"rotation": {"angle": 0, "axis": "y", "origin": [8, 0, 8]},
			"faces": {
				"north": {"uv": [6, 0, 10, 1], "rotation": 180, "texture": "#lantern"},
				"east": {"uv": [9, 0, 10, 4], "rotation": 90, "texture": "#lantern"},
				"south": {"uv": [6, 3, 10, 4], "texture": "#lantern"},
				"west": {"uv": [6, 0, 7, 4], "rotation": 270, "texture": "#lantern"},
				"up": {"uv": [6, 0, 10, 4], "texture": "#lantern"}
			}
		},
		{
			"name": "Glass",
			"from": [5.5, 1.5, 5.5],
			"to": [10.5, 7.5, 10.5],
			"rotation": {"angle": 0, "axis": "y", "origin": [8, 0, 8]},
			"faces": {
				"north": {"uv": [11, 10, 16, 16], "texture": "#lantern"},
				"east": {"uv": [11, 10, 16, 16], "texture": "#lantern"},
				"south": {"uv": [11, 10, 16, 16], "texture": "#lantern"},
				"west": {"uv": [11, 10, 16, 16], "texture": "#lantern"}
			}
		},
		{
			"name": "GlassInv",
			"from": [10.5, 7.5, 10.5],
			"to": [5.5, 1.5, 5.5],
			"rotation": {"angle": 0, "axis": "y", "origin": [8, 0, 8]},
			"faces": {
				"north": {"uv": [6, 16, 11, 10], "texture": "#lantern"},
				"east": {"uv": [6, 16, 11, 10], "texture": "#lantern"},
				"south": {"uv": [6, 16, 11, 10], "texture": "#lantern"},
				"west": {"uv": [6, 16, 11, 10], "texture": "#lantern"}
			}
		},
		{
			"name": "Chain1",
			"from": [8, 14, 6.5],
			"to": [8, 16, 9.5],
			"shade": false,
			"rotation": {"angle": 45, "axis": "y", "origin": [8, 0, 8]},
			"faces": {
				"east": {"uv": [0, 2, 3, 4], "texture": "#chain"},
				"west": {"uv": [0, 2, 3, 4], "texture": "#chain"}
			}
		},
		{
			"name": "Chain2",
			"from": [8, 11.3333, 6.5],
			"to": [8, 15.3333, 9.5],
			"shade": false,
			"rotation": {"angle": -45, "axis": "y", "origin": [8, 0, 8]},
			"faces": {
				"east": {"uv": [0, 0, 3, 4], "texture": "#chain"},
				"west": {"uv": [0, 0, 3, 4], "texture": "#chain"}
			}
		},
		{
			"name": "Chain3",
			"from": [8, 8.6666, 6.5],
			"to": [8, 12.6666, 9.5],
			"shade": false,
			"rotation": {"angle": 45, "axis": "y", "origin": [8, 0, 8]},
			"faces": {
				"east": {"uv": [0, 0, 3, 4], "texture": "#chain"},
				"west": {"uv": [0, 0, 3, 4], "texture": "#chain"}
			}
		},
		{
			"name": "Flame1",
			"from": [8, 1, 6],
			"to": [8, 9, 10],
			"light_emission": 15,
			"rotation": {"angle": 45, "axis": "y", "origin": [8, 0, 8]},
			"faces": {
				"east": {"uv": [6, 8, 10, 16], "texture": "#animated"},
				"west": {"uv": [6, 8, 10, 16], "texture": "#animated"}
			}
		},
		{
			"name": "Flame2",
			"from": [8, 1, 6],
			"to": [8, 9, 10],
			"light_emission": 15,
			"rotation": {"angle": -45, "axis": "y", "origin": [8, 0, 8]},
			"faces": {
				"east": {"uv": [6, 8, 10, 16], "texture": "#animated"},
				"west": {"uv": [6, 8, 10, 16], "texture": "#animated"}
			}
		}
	]
}