{
	"credit": "Made with Blockbench",
	"ambientocclusion": false,
	"textures": {
		"main": "block/torch",
		"animated": "block/flame",
		"particle": "block/oak_log"
	},
	"elements": [
		{
			"name": "StoneThing",
			"from": [6, 4, -1],
			"to": [10, 5, 3],
			"rotation": {"angle": 22.5, "axis": "x", "origin": [8, 3.5, 8]},
			"faces": {
				"north": {"uv": [4, 0, 8, 1], "rotation": 180, "texture": "#main"},
				"east": {"uv": [4, 0, 5, 4], "rotation": 90, "texture": "#main"},
				"south": {"uv": [4, 3, 8, 4], "texture": "#main"},
				"west": {"uv": [7, 0, 8, 4], "rotation": 270, "texture": "#main"},
				"up": {"uv": [4, 0, 8, 4], "texture": "#main"},
				"down": {"uv": [4, 0, 8, 4], "rotation": 180, "texture": "#main"}
			}
		},
		{
			"name": "Stick",
			"from": [7, 0, 0],
			"to": [9, 10, 2],
			"rotation": {"angle": 22.5, "axis": "x", "origin": [8, 3.5, 8]},
			"faces": {
				"north": {"uv": [0, 0, 2, 10], "texture": "#main"},
				"east": {"uv": [0, 0, 2, 10], "texture": "#main"},
				"south": {"uv": [0, 0, 2, 10], "texture": "#main"},
				"west": {"uv": [0, 0, 2, 10], "texture": "#main"},
				"up": {"uv": [0, 0, 2, 2], "texture": "#main"},
				"down": {"uv": [0, 8, 2, 10], "rotation": 180, "texture": "#main", "cullface": "down"}
			}
		},
		{
			"name": "Ember",
			"from": [6.9375, -0.0625, -0.0625],
			"to": [9.0625, 10.0625, 2.0625],
			"light_emission": 15,
			"rotation": {"angle": 22.5, "axis": "x", "origin": [8, 3.5, 8]},
			"faces": {
				"north": {"uv": [2, 0, 4, 10], "texture": "#main"},
				"east": {"uv": [2, 0, 4, 10], "texture": "#main"},
				"south": {"uv": [2, 0, 4, 10], "texture": "#main"},
				"west": {"uv": [2, 0, 4, 10], "texture": "#main"},
				"up": {"uv": [2, 0, 4, 2], "texture": "#main"},
				"down": {"uv": [2, 8, 4, 10], "rotation": 180, "texture": "#main", "cullface": "down"}
			}
		},
		{
			"name": "Glow",
			"from": [9.5, 10.5, 2.5],
			"to": [6.5, 7.5, -0.5],
			"light_emission": 15,
			"rotation": {"angle": 22.5, "axis": "x", "origin": [8, 3.5, 8]},
			"faces": {
				"north": {"uv": [5, 5, 7, 7], "texture": "#main"},
				"east": {"uv": [5, 5, 7, 7], "texture": "#main"},
				"south": {"uv": [5, 5, 7, 7], "texture": "#main"},
				"west": {"uv": [5, 5, 7, 7], "texture": "#main"},
				"up": {"uv": [5, 5, 7, 7], "rotation": 90, "texture": "#main"},
				"down": {"uv": [5, 5, 7, 7], "rotation": 270, "texture": "#main"}
			}
		},
		{
			"name": "Flame1",
			"from": [6, 10, 3.5],
			"to": [10, 20, 3.5],
			"light_emission": 15,
			"rotation": {"angle": 45, "axis": "y", "origin": [8, 0, 3.5]},
			"faces": {
				"north": {"uv": [6, 6, 10, 16], "texture": "#animated"},
				"south": {"uv": [6, 6, 10, 16], "texture": "#animated"}
			}
		},
		{
			"name": "Flame2",
			"from": [6, 10, 3.5],
			"to": [10, 20, 3.5],
			"light_emission": 15,
			"rotation": {"angle": -45, "axis": "y", "origin": [8, 0, 3.5]},
			"faces": {
				"north": {"uv": [6, 6, 10, 16], "texture": "#animated"},
				"south": {"uv": [6, 6, 10, 16], "texture": "#animated"}
			}
		}
	]
}